"status_id","created_at","screen_name","text","source","display_text_width","reply_to_status_id","reply_to_user_id","reply_to_screen_name","is_quote","is_retweet","favorite_count","retweet_count","quote_count","reply_count","hashtags","symbols","urls_url","urls_t.co","urls_expanded_url","media_url","media_t.co","media_expanded_url","media_type","ext_media_url","ext_media_t.co","ext_media_expanded_url","ext_media_type","mentions_user_id","mentions_screen_name","lang","quoted_status_id","quoted_text","quoted_created_at","quoted_source","quoted_favorite_count","quoted_retweet_count","quoted_user_id","quoted_screen_name","quoted_name","quoted_followers_count","quoted_friends_count","quoted_statuses_count","quoted_location","quoted_description","quoted_verified","retweet_status_id","retweet_text","retweet_created_at","retweet_source","retweet_favorite_count","retweet_retweet_count","retweet_user_id","retweet_screen_name","retweet_name","retweet_followers_count","retweet_friends_count","retweet_statuses_count","retweet_location","retweet_description","retweet_verified","place_url","place_name","place_full_name","place_type","country","country_code","geo_coords","coords_coords","bbox_coords","status_url","name","location","description","url","protected","followers_count","friends_count","listed_count","statuses_count","favourites_count","account_created_at","verified","profile_url","profile_expanded_url","account_lang","profile_banner_url","profile_background_url","profile_image_url"
"x1586056993516576768",2022-10-28 18:07:09,"damen222","Data journalism, investigative reporting, geo journalism. What‚Äôs next?

Read this interview with Blaise Aboh (@AimLEGEND_) co-founder of @Orodata, a media innovator exploring the use of AI and other innovations in media to find out more:
https://t.co/JsTuq7hTf8
#journalism #data","Twitter for Android",140,,,,FALSE,"Retweet",0,11,,,,,,,,,,,,,,,,"x3212600548 x23876890","Orodata AimLEGEND_","en",,,,,,,,,,,,,,,,"x1584434550306131968","Data journalism, investigative reporting, geo journalism. What‚Äôs next?

Read this interview with Blaise Aboh (@AimLEGEND_) co-founder of @Orodata, a media innovator exploring the use of AI and other innovations in media to find out more:
https://t.co/JsTuq7hTf8
#journalism #data",2022-10-24 06:40:08,"Twitter Web App",12,11,"x3212600548","Orodata","O R O D A T A",2339,603,5545,"mail@orodataviz.com","Fostering equitable access to information. Improving data accessibility for citizens, captains of industry, civil society, and media.",FALSE,,,,,,,"NA NA","NA NA","NA NA NA NA NA NA NA NA","https://twitter.com/damen222/status/1586056993516576768","Catch am.","Lagos","The transformation of Africa is in the hands of citizens so I work to empower citizens to monitor projects and ensure greater transparency in service",,FALSE,688,866,17,23987,11970,2014-06-23 15:37:06,FALSE,,,,"https://pbs.twimg.com/profile_banners/2584178496/1527657208","http://abs.twimg.com/images/themes/theme1/bg.png","http://pbs.twimg.com/profile_images/1581756540297650178/C7Usfm21_normal.jpg"
"x1586055952356331520",2022-10-28 18:03:01,"gijn","@OmniCalculator, a Polish startup, created hundreds of custom-built calculators that solve real-life problems and allow journalists to exhibit data in new and creative ways. 

Learn more in this piece by @journalismnews: https://t.co/WuWNSRliH8 @GurmanBhatia @Africa_DataHub","Buffer",274,,"x2893315343","OmniCalculator",FALSE,"Tweet",2,0,,,,,"buff.ly/3zatouX","https://t.co/WuWNSRliH8","https://buff.ly/3zatouX",,,,,,,,,"x2893315343 x3943871 x366154590 x1375010074838642690","OmniCalculator journalismnews GurmanBhatia Africa_DataHub","en",,,,,,,,,,,,,,,,,,,,,,,,,,,,,,,,,,,,,"NA NA","NA NA","NA NA NA NA NA NA NA NA","https://twitter.com/gijn/status/1586055952356331520","Global Investigative Journalism Network","","The global hub for investigative journalism, sharing resources, stories, events, and jobs. Follow GIJN's regional editions here: https://t.co/D4I6MbkLvN","https://t.co/IfRRajqYWo",FALSE,92641,6265,2208,38044,14753,2010-04-07 19:22:52,TRUE,"https://t.co/IfRRajqYWo","http://www.gijn.org",,"https://pbs.twimg.com/profile_banners/130596773/1648711918","http://abs.twimg.com/images/themes/theme15/bg.png","http://pbs.twimg.com/profile_images/1136297675890995202/dIClrbjj_normal.png"
"x1586006961434263553",2022-10-28 14:48:20,"opencitieslabza","""There are a lot of different skills needed to do data journalism and it‚Äôs unrealistic to expect one person to be able to do everything‚Äù-@LauraJGrant works with the skilled team at @mediahackza, read about how they made some of her favourite data stories: https://t.co/z2SABCNQiT","Twitter for Android",139,,,,FALSE,"Retweet",0,3,,,,,,,,,,,,,,,,"x1375010074838642690","Africa_DataHub","en",,,,,,,,,,,,,,,,"x1585948268940431360","""There are a lot of different skills needed to do data journalism and it‚Äôs unrealistic to expect one person to be able to do everything‚Äù-@LauraJGrant works with the skilled team at @mediahackza, read about how they made some of her favourite data stories: https://t.co/z2SABCNQiT",2022-10-28 10:55:07,"Twitter Web App",2,3,"x1375010074838642690","Africa_DataHub","Africa Data Hub",530,235,1010,"Africa","Supporting journalists to tell the stories that matter with the data they need. #data #journalism",FALSE,,,,,,,"NA NA","NA NA","NA NA NA NA NA NA NA NA","https://twitter.com/opencitieslabza/status/1586006961434263553","Open Cities Lab","Durban, South Africa","We combine the use of action research, co-design, data science, and technology with civic engagement to enable the development of inclusive cities.","https://t.co/lddTfWn944",FALSE,1859,343,89,3211,1399,2015-04-21 05:35:37,FALSE,"https://t.co/lddTfWn944","http://opencitieslab.org",,"https://pbs.twimg.com/profile_banners/3189465946/1575643116","http://abs.twimg.com/images/themes/theme1/bg.png","http://pbs.twimg.com/profile_images/1410898459587137536/_trnJJvZ_normal.jpg"
"x1585620123708186627",2022-10-27 13:11:11,"opencitieslabza","Having lots of fun on the last day of the #CTIF22 and we are sad that it is coming to an end! 
We have enjoyed connecting with other civic tech and media organisations around Africaüåç 
@OpenUpSA @opencitieslabza @jamlabafrica  @CivicTechAfrica https://t.co/PbbKKnliFe","Twitter Web App",140,,,,FALSE,"Retweet",0,3,,,"CTIF22",,,,,,,,,,,,,"x1375010074838642690","Africa_DataHub","en",,,,,,,,,,,,,,,,"x1585569704894205952","Having lots of fun on the last day of the #CTIF22 and we are sad that it is coming to an end! 
We have enjoyed connecting with other civic tech and media organisations around Africaüåç 
@OpenUpSA @opencitieslabza @jamlabafrica  @CivicTechAfrica https://t.co/PbbKKnliFe",2022-10-27 09:50:50,"Twitter Web App",4,3,"x1375010074838642690","Africa_DataHub","Africa Data Hub",530,235,1010,"Africa","Supporting journalists to tell the stories that matter with the data they need. #data #journalism",FALSE,,,,,,,"NA NA","NA NA","NA NA NA NA NA NA NA NA","https://twitter.com/opencitieslabza/status/1585620123708186627","Open Cities Lab","Durban, South Africa","We combine the use of action research, co-design, data science, and technology with civic engagement to enable the development of inclusive cities.","https://t.co/lddTfWn944",FALSE,1859,343,89,3211,1399,2015-04-21 05:35:37,FALSE,"https://t.co/lddTfWn944","http://opencitieslab.org",,"https://pbs.twimg.com/profile_banners/3189465946/1575643116","http://abs.twimg.com/images/themes/theme1/bg.png","http://pbs.twimg.com/profile_images/1410898459587137536/_trnJJvZ_normal.jpg"
"x1584469551634579457",2022-10-24 08:59:13,"opencitieslabza","Data journalism, investigative reporting, geo journalism. What‚Äôs next?

Read this interview with Blaise Aboh (@AimLEGEND_) co-founder of @Orodata, a media innovator exploring the use of AI and other innovations in media to find out more:
https://t.co/JsTuq7hTf8
#journalism #data","Twitter for Android",140,,,,FALSE,"Retweet",0,11,,,,,,,,,,,,,,,,"x3212600548 x23876890","Orodata AimLEGEND_","en",,,,,,,,,,,,,,,,"x1584434550306131968","Data journalism, investigative reporting, geo journalism. What‚Äôs next?

Read this interview with Blaise Aboh (@AimLEGEND_) co-founder of @Orodata, a media innovator exploring the use of AI and other innovations in media to find out more:
https://t.co/JsTuq7hTf8
#journalism #data",2022-10-24 06:40:08,"Twitter Web App",12,11,"x3212600548","Orodata","O R O D A T A",2339,603,5545,"mail@orodataviz.com","Fostering equitable access to information. Improving data accessibility for citizens, captains of industry, civil society, and media.",FALSE,,,,,,,"NA NA","NA NA","NA NA NA NA NA NA NA NA","https://twitter.com/opencitieslabza/status/1584469551634579457","Open Cities Lab","Durban, South Africa","We combine the use of action research, co-design, data science, and technology with civic engagement to enable the development of inclusive cities.","https://t.co/lddTfWn944",FALSE,1859,343,89,3211,1399,2015-04-21 05:35:37,FALSE,"https://t.co/lddTfWn944","http://opencitieslab.org",,"https://pbs.twimg.com/profile_banners/3189465946/1575643116","http://abs.twimg.com/images/themes/theme1/bg.png","http://pbs.twimg.com/profile_images/1410898459587137536/_trnJJvZ_normal.jpg"
"x1585641862827626496",2022-10-27 14:37:34,"opencitieslabza","Join us on the third day (next Wednesday, 2 Nov at 10:10 am) of the AIJC as @PatriciaAndago from our partner @odipodev shows you how to take your investigative story to the next level and tell stories that will bring in new audiences! üìπ
Register here: https://t.co/GmSarFWCE7 https://t.co/FB2TnKYq0R","Twitter for Android",139,,,,FALSE,"Retweet",0,2,,,,,,,,,,,,,,,,"x1375010074838642690 x339652108 x859352378","Africa_DataHub PatriciaAndago OdipoDev","en",,,,,,,,,,,,,,,,"x1585565548666052609","Join us on the third day (next Wednesday, 2 Nov at 10:10 am) of the AIJC as @PatriciaAndago from our partner @odipodev shows you how to take your investigative story to the next level and tell stories that will bring in new audiences! üìπ
Register here: https://t.co/GmSarFWCE7 https://t.co/FB2TnKYq0R",2022-10-27 09:34:19,"Twitter Web App",2,2,"x1375010074838642690","Africa_DataHub","Africa Data Hub",530,235,1010,"Africa","Supporting journalists to tell the stories that matter with the data they need. #data #journalism",FALSE,,,,,,,"NA NA","NA NA","NA NA NA NA NA NA NA NA","https://twitter.com/opencitieslabza/status/1585641862827626496","Open Cities Lab","Durban, South Africa","We combine the use of action research, co-design, data science, and technology with civic engagement to enable the development of inclusive cities.","https://t.co/lddTfWn944",FALSE,1859,343,89,3211,1399,2015-04-21 05:35:37,FALSE,"https://t.co/lddTfWn944","http://opencitieslab.org",,"https://pbs.twimg.com/profile_banners/3189465946/1575643116","http://abs.twimg.com/images/themes/theme1/bg.png","http://pbs.twimg.com/profile_images/1410898459587137536/_trnJJvZ_normal.jpg"
"x1585949674514436096",2022-10-28 11:00:42,"gijnAfrica","""There are a lot of different skills needed to do data journalism and it‚Äôs unrealistic to expect one person to be able to do everything‚Äù-@LauraJGrant works with the skilled team at @mediahackza, read about how they made some of her favourite data stories: https://t.co/z2SABCNQiT","Twitter Web App",139,,,,FALSE,"Retweet",0,3,,,,,,,,,,,,,,,,"x1375010074838642690","Africa_DataHub","en",,,,,,,,,,,,,,,,"x1585948268940431360","""There are a lot of different skills needed to do data journalism and it‚Äôs unrealistic to expect one person to be able to do everything‚Äù-@LauraJGrant works with the skilled team at @mediahackza, read about how they made some of her favourite data stories: https://t.co/z2SABCNQiT",2022-10-28 10:55:07,"Twitter Web App",2,3,"x1375010074838642690","Africa_DataHub","Africa Data Hub",530,235,1010,"Africa","Supporting journalists to tell the stories that matter with the data they need. #data #journalism",FALSE,,,,,,,"NA NA","NA NA","NA NA NA NA NA NA NA NA","https://twitter.com/gijnAfrica/status/1585949674514436096","GIJN Africa","Kampala, Uganda","The global hub for investigative journalism, sharing resources, stories, events, and jobs. Follow GIJN's regional editions here: https://t.co/X0JXgtNHWL","https://t.co/LQH2dFUdY5",FALSE,20675,3235,303,24844,6652,2016-01-25 14:35:24,TRUE,"https://t.co/LQH2dFUdY5","https://gijn.org/gijn-africa-home/",,"https://pbs.twimg.com/profile_banners/4845723581/1652440906",,"http://pbs.twimg.com/profile_images/1138057991159238656/MhJ84Jay_normal.png"
"x1585223386929582080",2022-10-26 10:54:42,"Africa_DataHub","Would you believe that the prevalence rate of HIV was   highest among the female adult population in Nigeria ?
#Set reminder for @Africa_DataHub and @Orodata twitter space this evening with @MunaNwogu as our moderator as we discuss ""HIV - The Silence and Spread in Nigeria by 6pm https://t.co/yPb53dJBc6","Twitter Web App",140,,,,FALSE,"Retweet",0,1,,,"Set",,,,,,,,,,,,,"x1503288646786502656","20tendaily","en",,,,,,,,,,,,,,,,"x1585198954240565248","Would you believe that the prevalence rate of HIV was   highest among the female adult population in Nigeria ?
#Set reminder for @Africa_DataHub and @Orodata twitter space this evening with @MunaNwogu as our moderator as we discuss ""HIV - The Silence and Spread in Nigeria by 6pm https://t.co/yPb53dJBc6",2022-10-26 09:17:36,"Twitter Web App",1,1,"x1503288646786502656","20tendaily","Twentyten Insights",56,69,606,"Lagos","Twentytendaily focuses on data journalism that promotes accuracy in public debates and media in Nigeria in order to raise the quality of information available.",FALSE,,,,,,,"NA NA","NA NA","NA NA NA NA NA NA NA NA","https://twitter.com/Africa_DataHub/status/1585223386929582080","Africa Data Hub","Africa","Supporting journalists to tell the stories that matter with the data they need. #data #journalism","https://t.co/lFta3XvNNR",FALSE,530,235,7,1010,923,2021-03-25 09:02:39,FALSE,"https://t.co/lFta3XvNNR","https://www.africadatahub.org/",,"https://pbs.twimg.com/profile_banners/1375010074838642690/1665743113",,"http://pbs.twimg.com/profile_images/1375386235489955840/G5t41l4s_normal.jpg"
"x1585948268940431360",2022-10-28 10:55:07,"Africa_DataHub","""There are a lot of different skills needed to do data journalism and it‚Äôs unrealistic to expect one person to be able to do everything‚Äù-@LauraJGrant works with the skilled team at @mediahackza, read about how they made some of her favourite data stories: https://t.co/z2SABCNQiT","Twitter Web App",279,,,,FALSE,"Tweet",2,3,,,,,"bit.ly/3SK9NIW","https://t.co/z2SABCNQiT","https://bit.ly/3SK9NIW",,,,,,,,,"x304499835 x142231479","LauraJGrant mediahackza","en",,,,,,,,,,,,,,,,,,,,,,,,,,,,,,,,,,,,,"NA NA","NA NA","NA NA NA NA NA NA NA NA","https://twitter.com/Africa_DataHub/status/1585948268940431360","Africa Data Hub","Africa","Supporting journalists to tell the stories that matter with the data they need. #data #journalism","https://t.co/lFta3XvNNR",FALSE,530,235,7,1010,923,2021-03-25 09:02:39,FALSE,"https://t.co/lFta3XvNNR","https://www.africadatahub.org/",,"https://pbs.twimg.com/profile_banners/1375010074838642690/1665743113",,"http://pbs.twimg.com/profile_images/1375386235489955840/G5t41l4s_normal.jpg"
"x1584488187631542272",2022-10-24 10:13:16,"Africa_DataHub","This week, my special report on the hardship faced during #COVID19 &amp; post pandemic by female farmers &amp; business owners in three Ogun State communities without getting any palliative, will be published. 99% female sources. #BattlingSurvival 
@Orodata @Africa_DataHub https://t.co/OcwUuQ2bDk","Twitter Web App",147,,,,FALSE,"Retweet",0,3,,,"COVID19",,,,,,,,,,,,,"x4876539628","oloyenaija1","en",,,,,,,,,,,,,,,,"x1584476885009895424","This week, my special report on the hardship faced during #COVID19 &amp; post pandemic by female farmers &amp; business owners in three Ogun State communities without getting any palliative, will be published. 99% female sources. #BattlingSurvival 
@Orodata @Africa_DataHub https://t.co/OcwUuQ2bDk",2022-10-24 09:28:22,"Twitter for iPhone",9,3,"x4876539628","oloyenaija1","Adesola Ikulajolu",2188,3814,13005,"Nigeria","Fact-Check Editor @roundcheck ‚Ä¢ Journalistüá≥üá¨‚Ä¢Fellow @CAPPAfrica @Africa_DataHub ‚Ä¢Ft: @premiumtimesng @TheNationNews ‚Ä¢@NaijaNews üìß adesola@roundcheck.com.ng",FALSE,,,,,,,"NA NA","NA NA","NA NA NA NA NA NA NA NA","https://twitter.com/Africa_DataHub/status/1584488187631542272","Africa Data Hub","Africa","Supporting journalists to tell the stories that matter with the data they need. #data #journalism","https://t.co/lFta3XvNNR",FALSE,530,235,7,1010,923,2021-03-25 09:02:39,FALSE,"https://t.co/lFta3XvNNR","https://www.africadatahub.org/",,"https://pbs.twimg.com/profile_banners/1375010074838642690/1665743113",,"http://pbs.twimg.com/profile_images/1375386235489955840/G5t41l4s_normal.jpg"
"x1584488080504807425",2022-10-24 10:12:51,"Africa_DataHub","The unstoppable @khadijapatel shares that the future of news is dire. In the next few years, the publication of our news may be held by a handful of billionaires @jamlabafrica @CivicTechAfrica @Africa_DataHub #unplugged https://t.co/rL15spLBcO","Twitter Web App",140,,,,FALSE,"Retweet",0,7,,,,,,,,,,,,,,,,"x2892907665 x17904983","SeFindlay khadijapatel","en",,,,,,,,,,,,,,,,"x1584475069333766144","The unstoppable @khadijapatel shares that the future of news is dire. In the next few years, the publication of our news may be held by a handful of billionaires @jamlabafrica @CivicTechAfrica @Africa_DataHub #unplugged https://t.co/rL15spLBcO",2022-10-24 09:21:09,"Twitter Web App",12,7,"x2892907665","SeFindlay","Sarah Findlay",371,869,2894,"Johannesburg, South Africa","Social ecologist. Fiery. Afro-optimist. Knowledge craver. Intent on social justice and media freedom.",FALSE,,,,,,,"NA NA","NA NA","NA NA NA NA NA NA NA NA","https://twitter.com/Africa_DataHub/status/1584488080504807425","Africa Data Hub","Africa","Supporting journalists to tell the stories that matter with the data they need. #data #journalism","https://t.co/lFta3XvNNR",FALSE,530,235,7,1010,923,2021-03-25 09:02:39,FALSE,"https://t.co/lFta3XvNNR","https://www.africadatahub.org/",,"https://pbs.twimg.com/profile_banners/1375010074838642690/1665743113",,"http://pbs.twimg.com/profile_images/1375386235489955840/G5t41l4s_normal.jpg"
"x1585223885422632960",2022-10-26 10:56:40,"Africa_DataHub","Did you know that Nigeria has 190,950 HIV/AIDS infections per year, the second highest rate in the world?
Join @Africa_datahub and @orodata monthly ADH Twitter Space with @MunaNwogu as our Moderator
 as we discuss ""HIV -The Silence and Spread in Nigeria.
Wed 26th, Oct., 2022 . https://t.co/UbhOsuL2BX","Twitter Web App",140,,,,FALSE,"Retweet",0,2,,,,,,,,,,,,,,,,"x3212600548 x1375010074838642690","Orodata Africa_DataHub","en",,,,,,,,,,,,,,,,"x1584831248589279232","Did you know that Nigeria has 190,950 HIV/AIDS infections per year, the second highest rate in the world?
Join @Africa_datahub and @orodata monthly ADH Twitter Space with @MunaNwogu as our Moderator
 as we discuss ""HIV -The Silence and Spread in Nigeria.
Wed 26th, Oct., 2022 . https://t.co/UbhOsuL2BX",2022-10-25 08:56:29,"Twitter Web App",8,2,"x3212600548","Orodata","O R O D A T A",2339,603,5545,"mail@orodataviz.com","Fostering equitable access to information. Improving data accessibility for citizens, captains of industry, civil society, and media.",FALSE,,,,,,,"NA NA","NA NA","NA NA NA NA NA NA NA NA","https://twitter.com/Africa_DataHub/status/1585223885422632960","Africa Data Hub","Africa","Supporting journalists to tell the stories that matter with the data they need. #data #journalism","https://t.co/lFta3XvNNR",FALSE,530,235,7,1010,923,2021-03-25 09:02:39,FALSE,"https://t.co/lFta3XvNNR","https://www.africadatahub.org/",,"https://pbs.twimg.com/profile_banners/1375010074838642690/1665743113",,"http://pbs.twimg.com/profile_images/1375386235489955840/G5t41l4s_normal.jpg"
"x1585223772856287234",2022-10-26 10:56:14,"Africa_DataHub","These women suffered double woes- the pandemic and hunger. They battled survival and the pandemic. Despite the various relief funds and palliatives, they got NOTHING.
I reported on their survival story. #BattlingSurvival 
@Orodata @Africa_DataHub @Connected_dev @mrfestusogun https://t.co/pMVD7pXbiD","Twitter Web App",140,,,,FALSE,"Retweet",0,1,,,,,,,,,,,,,,,,"x4876539628","oloyenaija1","en",,,,,,,,,,,,,,,,"x1584852332680204291","These women suffered double woes- the pandemic and hunger. They battled survival and the pandemic. Despite the various relief funds and palliatives, they got NOTHING.
I reported on their survival story. #BattlingSurvival 
@Orodata @Africa_DataHub @Connected_dev @mrfestusogun https://t.co/pMVD7pXbiD",2022-10-25 10:20:15,"Twitter for iPhone",1,1,"x4876539628","oloyenaija1","Adesola Ikulajolu",2188,3814,13005,"Nigeria","Fact-Check Editor @roundcheck ‚Ä¢ Journalistüá≥üá¨‚Ä¢Fellow @CAPPAfrica @Africa_DataHub ‚Ä¢Ft: @premiumtimesng @TheNationNews ‚Ä¢@NaijaNews üìß adesola@roundcheck.com.ng",FALSE,,,,,,,"NA NA","NA NA","NA NA NA NA NA NA NA NA","https://twitter.com/Africa_DataHub/status/1585223772856287234","Africa Data Hub","Africa","Supporting journalists to tell the stories that matter with the data they need. #data #journalism","https://t.co/lFta3XvNNR",FALSE,530,235,7,1010,923,2021-03-25 09:02:39,FALSE,"https://t.co/lFta3XvNNR","https://www.africadatahub.org/",,"https://pbs.twimg.com/profile_banners/1375010074838642690/1665743113",,"http://pbs.twimg.com/profile_images/1375386235489955840/G5t41l4s_normal.jpg"
"x1585223576872886272",2022-10-26 10:55:27,"Africa_DataHub","#BattlingSurvival

‚ÄúOnly those who have sewing machines at home can deliver on their businesses. Some people were selling food during the lockdown but nobody was buying. We could not go out and people were suffering.‚Äù

https://t.co/lS8UeDo75w
@Orodata @Africa_DataHub","Twitter Web App",139,,,,FALSE,"Retweet",0,2,,,"BattlingSurvival",,,,,,,,,,,,,"x4876539628","oloyenaija1","en",,,,,,,,,,,,,,,,"x1585179465814274048","#BattlingSurvival

‚ÄúOnly those who have sewing machines at home can deliver on their businesses. Some people were selling food during the lockdown but nobody was buying. We could not go out and people were suffering.‚Äù

https://t.co/lS8UeDo75w
@Orodata @Africa_DataHub",2022-10-26 08:00:10,"Twitter for iPhone",2,2,"x4876539628","oloyenaija1","Adesola Ikulajolu",2188,3814,13005,"Nigeria","Fact-Check Editor @roundcheck ‚Ä¢ Journalistüá≥üá¨‚Ä¢Fellow @CAPPAfrica @Africa_DataHub ‚Ä¢Ft: @premiumtimesng @TheNationNews ‚Ä¢@NaijaNews üìß adesola@roundcheck.com.ng",FALSE,,,,,,,"NA NA","NA NA","NA NA NA NA NA NA NA NA","https://twitter.com/Africa_DataHub/status/1585223576872886272","Africa Data Hub","Africa","Supporting journalists to tell the stories that matter with the data they need. #data #journalism","https://t.co/lFta3XvNNR",FALSE,530,235,7,1010,923,2021-03-25 09:02:39,FALSE,"https://t.co/lFta3XvNNR","https://www.africadatahub.org/",,"https://pbs.twimg.com/profile_banners/1375010074838642690/1665743113",,"http://pbs.twimg.com/profile_images/1375386235489955840/G5t41l4s_normal.jpg"
"x1584462188693291008",2022-10-24 08:29:58,"Africa_DataHub","Data journalism, investigative reporting, geo journalism. What‚Äôs next?

Read this interview with Blaise Aboh (@AimLEGEND_) co-founder of @Orodata, a media innovator exploring the use of AI and other innovations in media to find out more:
https://t.co/JsTuq7hTf8
#journalism #data","Twitter Web App",140,,,,FALSE,"Retweet",0,11,,,,,,,,,,,,,,,,"x3212600548 x23876890","Orodata AimLEGEND_","en",,,,,,,,,,,,,,,,"x1584434550306131968","Data journalism, investigative reporting, geo journalism. What‚Äôs next?

Read this interview with Blaise Aboh (@AimLEGEND_) co-founder of @Orodata, a media innovator exploring the use of AI and other innovations in media to find out more:
https://t.co/JsTuq7hTf8
#journalism #data",2022-10-24 06:40:08,"Twitter Web App",12,11,"x3212600548","Orodata","O R O D A T A",2339,603,5545,"mail@orodataviz.com","Fostering equitable access to information. Improving data accessibility for citizens, captains of industry, civil society, and media.",FALSE,,,,,,,"NA NA","NA NA","NA NA NA NA NA NA NA NA","https://twitter.com/Africa_DataHub/status/1584462188693291008","Africa Data Hub","Africa","Supporting journalists to tell the stories that matter with the data they need. #data #journalism","https://t.co/lFta3XvNNR",FALSE,530,235,7,1010,923,2021-03-25 09:02:39,FALSE,"https://t.co/lFta3XvNNR","https://www.africadatahub.org/",,"https://pbs.twimg.com/profile_banners/1375010074838642690/1665743113",,"http://pbs.twimg.com/profile_images/1375386235489955840/G5t41l4s_normal.jpg"
"x1585223033270153216",2022-10-26 10:53:17,"Africa_DataHub","Did you know that Nigeria is the fifth country in the top 10 countries with HIV cases in 2020?
Join @Africa_datahub and @orodata monthly ADH Twitter Space  today with @MunaNwogu
 as our Moderator as we discuss ""HIV -The Silence and Spread in Nigeria.
Time 6pm. https://t.co/wcqXtRrH5T","Twitter Web App",140,,,,FALSE,"Retweet",0,1,,,,,,,,,,,,,,,,"x3212600548 x1375010074838642690","Orodata Africa_DataHub","en",,,,,,,,,,,,,,,,"x1585205659099836416","Did you know that Nigeria is the fifth country in the top 10 countries with HIV cases in 2020?
Join @Africa_datahub and @orodata monthly ADH Twitter Space  today with @MunaNwogu
 as our Moderator as we discuss ""HIV -The Silence and Spread in Nigeria.
Time 6pm. https://t.co/wcqXtRrH5T",2022-10-26 09:44:15,"Twitter Web App",2,1,"x3212600548","Orodata","O R O D A T A",2339,603,5545,"mail@orodataviz.com","Fostering equitable access to information. Improving data accessibility for citizens, captains of industry, civil society, and media.",FALSE,,,,,,,"NA NA","NA NA","NA NA NA NA NA NA NA NA","https://twitter.com/Africa_DataHub/status/1585223033270153216","Africa Data Hub","Africa","Supporting journalists to tell the stories that matter with the data they need. #data #journalism","https://t.co/lFta3XvNNR",FALSE,530,235,7,1010,923,2021-03-25 09:02:39,FALSE,"https://t.co/lFta3XvNNR","https://www.africadatahub.org/",,"https://pbs.twimg.com/profile_banners/1375010074838642690/1665743113",,"http://pbs.twimg.com/profile_images/1375386235489955840/G5t41l4s_normal.jpg"
"x1584488376085860352",2022-10-24 10:14:01,"Africa_DataHub","Did you know that in 2020, 1.7 million people in Nigeria were living with HIV?
Join @Africa_datahub and @orodata monthly ADH Twitter space.
As we discuss HIV Prevalence ‚Äì The Silence and Spread in Nigeria on Wed., 26th October 2022.
 6pm WAT.
 with @MunaNwogu as our moderator. https://t.co/vi6xIbFjQZ","Twitter Web App",140,,,,FALSE,"Retweet",0,4,,,,,,,,,,,,,,,,"x3212600548 x1375010074838642690 x3212600548","Orodata Africa_DataHub Orodata","en",,,,,,,,,,,,,,,,"x1584486355031113728","Did you know that in 2020, 1.7 million people in Nigeria were living with HIV?
Join @Africa_datahub and @orodata monthly ADH Twitter space.
As we discuss HIV Prevalence ‚Äì The Silence and Spread in Nigeria on Wed., 26th October 2022.
 6pm WAT.
 with @MunaNwogu as our moderator. https://t.co/vi6xIbFjQZ",2022-10-24 10:06:00,"Twitter Web App",4,4,"x3212600548","Orodata","O R O D A T A",2339,603,5545,"mail@orodataviz.com","Fostering equitable access to information. Improving data accessibility for citizens, captains of industry, civil society, and media.",FALSE,,,,,,,"NA NA","NA NA","NA NA NA NA NA NA NA NA","https://twitter.com/Africa_DataHub/status/1584488376085860352","Africa Data Hub","Africa","Supporting journalists to tell the stories that matter with the data they need. #data #journalism","https://t.co/lFta3XvNNR",FALSE,530,235,7,1010,923,2021-03-25 09:02:39,FALSE,"https://t.co/lFta3XvNNR","https://www.africadatahub.org/",,"https://pbs.twimg.com/profile_banners/1375010074838642690/1665743113",,"http://pbs.twimg.com/profile_images/1375386235489955840/G5t41l4s_normal.jpg"
"x1584498909136625665",2022-10-24 10:55:53,"richardgevers","Data journalism, investigative reporting, geo journalism. What‚Äôs next?

Read this interview with Blaise Aboh (@AimLEGEND_) co-founder of @Orodata, a media innovator exploring the use of AI and other innovations in media to find out more:
https://t.co/JsTuq7hTf8
#journalism #data","Twitter for iPhone",140,,,,FALSE,"Retweet",0,11,,,,,,,,,,,,,,,,"x3212600548 x23876890","Orodata AimLEGEND_","en",,,,,,,,,,,,,,,,"x1584434550306131968","Data journalism, investigative reporting, geo journalism. What‚Äôs next?

Read this interview with Blaise Aboh (@AimLEGEND_) co-founder of @Orodata, a media innovator exploring the use of AI and other innovations in media to find out more:
https://t.co/JsTuq7hTf8
#journalism #data",2022-10-24 06:40:08,"Twitter Web App",12,11,"x3212600548","Orodata","O R O D A T A",2339,603,5545,"mail@orodataviz.com","Fostering equitable access to information. Improving data accessibility for citizens, captains of industry, civil society, and media.",FALSE,,,,,,,"NA NA","NA NA","NA NA NA NA NA NA NA NA","https://twitter.com/richardgevers/status/1584498909136625665","richard gevers","Around (vaccinated people)","founder @opencitieslabza | @innovatedurban director | co-founder tenji. love cities, inclusion, music, brewing beer D&D, nerding. he/him.","https://t.co/NXyckkSnkg",FALSE,1337,1272,103,3974,5970,2009-03-10 11:40:37,FALSE,"https://t.co/NXyckkSnkg","http://opencitieslab.org",,"https://pbs.twimg.com/profile_banners/23582118/1640933960","http://abs.twimg.com/images/themes/theme5/bg.gif","http://pbs.twimg.com/profile_images/1438153825093890054/0sApgQTi_normal.jpg"
"x1585568091215482880",2022-10-27 09:44:26,"richardgevers","Join us on the third day (next Wednesday, 2 Nov at 10:10 am) of the AIJC as @PatriciaAndago from our partner @odipodev shows you how to take your investigative story to the next level and tell stories that will bring in new audiences! üìπ
Register here: https://t.co/GmSarFWCE7 https://t.co/FB2TnKYq0R","Twitter for iPhone",139,,,,FALSE,"Retweet",0,2,,,,,,,,,,,,,,,,"x1375010074838642690 x339652108 x859352378","Africa_DataHub PatriciaAndago OdipoDev","en",,,,,,,,,,,,,,,,"x1585565548666052609","Join us on the third day (next Wednesday, 2 Nov at 10:10 am) of the AIJC as @PatriciaAndago from our partner @odipodev shows you how to take your investigative story to the next level and tell stories that will bring in new audiences! üìπ
Register here: https://t.co/GmSarFWCE7 https://t.co/FB2TnKYq0R",2022-10-27 09:34:19,"Twitter Web App",2,2,"x1375010074838642690","Africa_DataHub","Africa Data Hub",530,235,1010,"Africa","Supporting journalists to tell the stories that matter with the data they need. #data #journalism",FALSE,,,,,,,"NA NA","NA NA","NA NA NA NA NA NA NA NA","https://twitter.com/richardgevers/status/1585568091215482880","richard gevers","Around (vaccinated people)","founder @opencitieslabza | @innovatedurban director | co-founder tenji. love cities, inclusion, music, brewing beer D&D, nerding. he/him.","https://t.co/NXyckkSnkg",FALSE,1337,1272,103,3974,5970,2009-03-10 11:40:37,FALSE,"https://t.co/NXyckkSnkg","http://opencitieslab.org",,"https://pbs.twimg.com/profile_banners/23582118/1640933960","http://abs.twimg.com/images/themes/theme5/bg.gif","http://pbs.twimg.com/profile_images/1438153825093890054/0sApgQTi_normal.jpg"
"x1585651221943226371",2022-10-27 15:14:45,"richardgevers","Having lots of fun on the last day of the #CTIF22 and we are sad that it is coming to an end! 
We have enjoyed connecting with other civic tech and media organisations around Africaüåç 
@OpenUpSA @opencitieslabza @jamlabafrica  @CivicTechAfrica https://t.co/PbbKKnliFe","Twitter for iPhone",140,,,,FALSE,"Retweet",0,3,,,"CTIF22",,,,,,,,,,,,,"x1375010074838642690","Africa_DataHub","en",,,,,,,,,,,,,,,,"x1585569704894205952","Having lots of fun on the last day of the #CTIF22 and we are sad that it is coming to an end! 
We have enjoyed connecting with other civic tech and media organisations around Africaüåç 
@OpenUpSA @opencitieslabza @jamlabafrica  @CivicTechAfrica https://t.co/PbbKKnliFe",2022-10-27 09:50:50,"Twitter Web App",4,3,"x1375010074838642690","Africa_DataHub","Africa Data Hub",530,235,1010,"Africa","Supporting journalists to tell the stories that matter with the data they need. #data #journalism",FALSE,,,,,,,"NA NA","NA NA","NA NA NA NA NA NA NA NA","https://twitter.com/richardgevers/status/1585651221943226371","richard gevers","Around (vaccinated people)","founder @opencitieslabza | @innovatedurban director | co-founder tenji. love cities, inclusion, music, brewing beer D&D, nerding. he/him.","https://t.co/NXyckkSnkg",FALSE,1337,1272,103,3974,5970,2009-03-10 11:40:37,FALSE,"https://t.co/NXyckkSnkg","http://opencitieslab.org",,"https://pbs.twimg.com/profile_banners/23582118/1640933960","http://abs.twimg.com/images/themes/theme5/bg.gif","http://pbs.twimg.com/profile_images/1438153825093890054/0sApgQTi_normal.jpg"
"x1584498949100285952",2022-10-24 10:56:02,"richardgevers","Did you know that in 2020, 1.7 million people in Nigeria were living with HIV?
Join @Africa_datahub and @orodata monthly ADH Twitter space.
As we discuss HIV Prevalence ‚Äì The Silence and Spread in Nigeria on Wed., 26th October 2022.
 6pm WAT.
 with @MunaNwogu as our moderator. https://t.co/vi6xIbFjQZ","Twitter for iPhone",140,,,,FALSE,"Retweet",0,4,,,,,,,,,,,,,,,,"x3212600548 x1375010074838642690 x3212600548","Orodata Africa_DataHub Orodata","en",,,,,,,,,,,,,,,,"x1584486355031113728","Did you know that in 2020, 1.7 million people in Nigeria were living with HIV?
Join @Africa_datahub and @orodata monthly ADH Twitter space.
As we discuss HIV Prevalence ‚Äì The Silence and Spread in Nigeria on Wed., 26th October 2022.
 6pm WAT.
 with @MunaNwogu as our moderator. https://t.co/vi6xIbFjQZ",2022-10-24 10:06:00,"Twitter Web App",4,4,"x3212600548","Orodata","O R O D A T A",2339,603,5545,"mail@orodataviz.com","Fostering equitable access to information. Improving data accessibility for citizens, captains of industry, civil society, and media.",FALSE,,,,,,,"NA NA","NA NA","NA NA NA NA NA NA NA NA","https://twitter.com/richardgevers/status/1584498949100285952","richard gevers","Around (vaccinated people)","founder @opencitieslabza | @innovatedurban director | co-founder tenji. love cities, inclusion, music, brewing beer D&D, nerding. he/him.","https://t.co/NXyckkSnkg",FALSE,1337,1272,103,3974,5970,2009-03-10 11:40:37,FALSE,"https://t.co/NXyckkSnkg","http://opencitieslab.org",,"https://pbs.twimg.com/profile_banners/23582118/1640933960","http://abs.twimg.com/images/themes/theme5/bg.gif","http://pbs.twimg.com/profile_images/1438153825093890054/0sApgQTi_normal.jpg"
"x1584485504137199617",2022-10-24 10:02:37,"richardgevers","Join @Orodata for their monthly ADH Twitter SpaceüéôÔ∏è
Topic: HIV Prevalence ‚Äì The Silence and Spread in Nigeria.
Date: Wednesday 26th, October 2022.
Time: 6pm WAT.
Set your reminder: https://t.co/hGEKw8HQ95 https://t.co/qLQFyelt4S","Twitter for iPhone",140,,,,FALSE,"Retweet",0,1,,,,,,,,,,,,,,,,"x1375010074838642690 x3212600548","Africa_DataHub Orodata","en",,,,,,,,,,,,,,,,"x1584474378758082560","Join @Orodata for their monthly ADH Twitter SpaceüéôÔ∏è
Topic: HIV Prevalence ‚Äì The Silence and Spread in Nigeria.
Date: Wednesday 26th, October 2022.
Time: 6pm WAT.
Set your reminder: https://t.co/hGEKw8HQ95 https://t.co/qLQFyelt4S",2022-10-24 09:18:24,"Twitter Web App",3,1,"x1375010074838642690","Africa_DataHub","Africa Data Hub",530,235,1010,"Africa","Supporting journalists to tell the stories that matter with the data they need. #data #journalism",FALSE,,,,,,,"NA NA","NA NA","NA NA NA NA NA NA NA NA","https://twitter.com/richardgevers/status/1584485504137199617","richard gevers","Around (vaccinated people)","founder @opencitieslabza | @innovatedurban director | co-founder tenji. love cities, inclusion, music, brewing beer D&D, nerding. he/him.","https://t.co/NXyckkSnkg",FALSE,1337,1272,103,3974,5970,2009-03-10 11:40:37,FALSE,"https://t.co/NXyckkSnkg","http://opencitieslab.org",,"https://pbs.twimg.com/profile_banners/23582118/1640933960","http://abs.twimg.com/images/themes/theme5/bg.gif","http://pbs.twimg.com/profile_images/1438153825093890054/0sApgQTi_normal.jpg"
"x1585578270212460545",2022-10-27 10:24:52,"CivicTechAfrica","Having lots of fun on the last day of the #CTIF22 and we are sad that it is coming to an end! 
We have enjoyed connecting with other civic tech and media organisations around Africaüåç 
@OpenUpSA @opencitieslabza @jamlabafrica  @CivicTechAfrica https://t.co/PbbKKnliFe","Twitter for Android",140,,,,FALSE,"Retweet",0,3,,,"CTIF22",,,,,,,,,,,,,"x1375010074838642690","Africa_DataHub","en",,,,,,,,,,,,,,,,"x1585569704894205952","Having lots of fun on the last day of the #CTIF22 and we are sad that it is coming to an end! 
We have enjoyed connecting with other civic tech and media organisations around Africaüåç 
@OpenUpSA @opencitieslabza @jamlabafrica  @CivicTechAfrica https://t.co/PbbKKnliFe",2022-10-27 09:50:50,"Twitter Web App",4,3,"x1375010074838642690","Africa_DataHub","Africa Data Hub",530,235,1010,"Africa","Supporting journalists to tell the stories that matter with the data they need. #data #journalism",FALSE,,,,,,,"NA NA","NA NA","NA NA NA NA NA NA NA NA","https://twitter.com/CivicTechAfrica/status/1585578270212460545","Civic Tech Innovation Network","Johannesburg, South Africa","Welcome to the CTIN - A community of practice for Africans who promote the use of technologies in governance, accountability, and civic participation. Join Us!","https://t.co/tpbi9gL6xF",FALSE,2119,1089,51,9689,1539,2017-05-17 10:39:39,FALSE,"https://t.co/tpbi9gL6xF","https://civictech.africa/",,"https://pbs.twimg.com/profile_banners/864792522031345665/1662453300","http://abs.twimg.com/images/themes/theme1/bg.png","http://pbs.twimg.com/profile_images/1362782844976775169/jmetPOq3_normal.jpg"
"x1584475519256391680",2022-10-24 09:22:56,"CivicTechAfrica","The unstoppable @khadijapatel shares that the future of news is dire. In the next few years, the publication of our news may be held by a handful of billionaires @jamlabafrica @CivicTechAfrica @Africa_DataHub #unplugged https://t.co/rL15spLBcO","Twitter Web App",140,,,,FALSE,"Retweet",0,7,,,,,,,,,,,,,,,,"x2892907665 x17904983","SeFindlay khadijapatel","en",,,,,,,,,,,,,,,,"x1584475069333766144","The unstoppable @khadijapatel shares that the future of news is dire. In the next few years, the publication of our news may be held by a handful of billionaires @jamlabafrica @CivicTechAfrica @Africa_DataHub #unplugged https://t.co/rL15spLBcO",2022-10-24 09:21:09,"Twitter Web App",12,7,"x2892907665","SeFindlay","Sarah Findlay",371,869,2894,"Johannesburg, South Africa","Social ecologist. Fiery. Afro-optimist. Knowledge craver. Intent on social justice and media freedom.",FALSE,,,,,,,"NA NA","NA NA","NA NA NA NA NA NA NA NA","https://twitter.com/CivicTechAfrica/status/1584475519256391680","Civic Tech Innovation Network","Johannesburg, South Africa","Welcome to the CTIN - A community of practice for Africans who promote the use of technologies in governance, accountability, and civic participation. Join Us!","https://t.co/tpbi9gL6xF",FALSE,2119,1089,51,9689,1539,2017-05-17 10:39:39,FALSE,"https://t.co/tpbi9gL6xF","https://civictech.africa/",,"https://pbs.twimg.com/profile_banners/864792522031345665/1662453300","http://abs.twimg.com/images/themes/theme1/bg.png","http://pbs.twimg.com/profile_images/1362782844976775169/jmetPOq3_normal.jpg"
"x1585228445759721472",2022-10-26 11:14:48,"CivicTechAfrica","Thanks for having us @CivicTechAfrica!  We loved engaging with attendees of the #CTIF22ü´±üèø‚Äçü´≤üèæüåçü•≥
And we look forward to connecting with everyone online in the futureüñ•Ô∏è https://t.co/vhU5kPJkZn","Twitter Web App",140,,,,FALSE,"Retweet",0,2,,,"CTIF22",,,,,,,,,,,,,"x1375010074838642690 x864792522031345665","Africa_DataHub CivicTechAfrica","en",,,,,,,,,,,,,,,,"x1585227454523658240","Thanks for having us @CivicTechAfrica!  We loved engaging with attendees of the #CTIF22ü´±üèø‚Äçü´≤üèæüåçü•≥
And we look forward to connecting with everyone online in the futureüñ•Ô∏è https://t.co/vhU5kPJkZn",2022-10-26 11:10:51,"Twitter Web App",5,2,"x1375010074838642690","Africa_DataHub","Africa Data Hub",530,235,1010,"Africa","Supporting journalists to tell the stories that matter with the data they need. #data #journalism",FALSE,,,,,,,"NA NA","NA NA","NA NA NA NA NA NA NA NA","https://twitter.com/CivicTechAfrica/status/1585228445759721472","Civic Tech Innovation Network","Johannesburg, South Africa","Welcome to the CTIN - A community of practice for Africans who promote the use of technologies in governance, accountability, and civic participation. Join Us!","https://t.co/tpbi9gL6xF",FALSE,2119,1089,51,9689,1539,2017-05-17 10:39:39,FALSE,"https://t.co/tpbi9gL6xF","https://civictech.africa/",,"https://pbs.twimg.com/profile_banners/864792522031345665/1662453300","http://abs.twimg.com/images/themes/theme1/bg.png","http://pbs.twimg.com/profile_images/1362782844976775169/jmetPOq3_normal.jpg"
"x1584543279290363905",2022-10-24 13:52:11,"CivicTechAfrica","Catch @SeFindlay, Project Lead of Africa Data Hub at the in-person #Jamfest22 and #CTIF22 this week to chat all things data journalism in AfricaüñäÔ∏è
Register here for your free ticket to join: https://t.co/C57LoaJeit","Twitter for Android",139,,,,FALSE,"Retweet",0,2,,,"Jamfest22 CTIF22",,,,,,,,,,,,,"x1375010074838642690 x2892907665","Africa_DataHub SeFindlay","en",,,,,,,,,,,,,,,,"x1584461848992440321","Catch @SeFindlay, Project Lead of Africa Data Hub at the in-person #Jamfest22 and #CTIF22 this week to chat all things data journalism in AfricaüñäÔ∏è
Register here for your free ticket to join: https://t.co/C57LoaJeit",2022-10-24 08:28:37,"Twitter Web App",3,2,"x1375010074838642690","Africa_DataHub","Africa Data Hub",530,235,1010,"Africa","Supporting journalists to tell the stories that matter with the data they need. #data #journalism",FALSE,,,,,,,"NA NA","NA NA","NA NA NA NA NA NA NA NA","https://twitter.com/CivicTechAfrica/status/1584543279290363905","Civic Tech Innovation Network","Johannesburg, South Africa","Welcome to the CTIN - A community of practice for Africans who promote the use of technologies in governance, accountability, and civic participation. Join Us!","https://t.co/tpbi9gL6xF",FALSE,2119,1089,51,9689,1539,2017-05-17 10:39:39,FALSE,"https://t.co/tpbi9gL6xF","https://civictech.africa/",,"https://pbs.twimg.com/profile_banners/864792522031345665/1662453300","http://abs.twimg.com/images/themes/theme1/bg.png","http://pbs.twimg.com/profile_images/1362782844976775169/jmetPOq3_normal.jpg"
"x1585205659099836416",2022-10-26 09:44:15,"Orodata","Did you know that Nigeria is the fifth country in the top 10 countries with HIV cases in 2020?
Join @Africa_datahub and @orodata monthly ADH Twitter Space  today with @MunaNwogu
 as our Moderator as we discuss ""HIV -The Silence and Spread in Nigeria.
Time 6pm. https://t.co/wcqXtRrH5T","Twitter Web App",260,,,,FALSE,"Tweet",2,1,,,,,,,,"http://pbs.twimg.com/media/Ff_IHcyWQAAwnPF.jpg","https://t.co/wcqXtRrH5T","https://twitter.com/Orodata/status/1585205659099836416/photo/1","photo","http://pbs.twimg.com/media/Ff_IHcyWQAAwnPF.jpg","https://t.co/wcqXtRrH5T","https://twitter.com/Orodata/status/1585205659099836416/photo/1",,"x1375010074838642690 x3212600548 x978924024058318848","Africa_DataHub Orodata MunaNwogu","en",,,,,,,,,,,,,,,,,,,,,,,,,,,,,,,,,,,,,"NA NA","NA NA","NA NA NA NA NA NA NA NA","https://twitter.com/Orodata/status/1585205659099836416","O R O D A T A","mail@orodataviz.com","Fostering equitable access to information. Improving data accessibility for citizens, captains of industry, civil society, and media.","https://t.co/xSYpJCLP3V",FALSE,2339,603,91,5545,474,2015-04-27 11:34:30,FALSE,"https://t.co/xSYpJCLP3V","http://orodataviz.com",,"https://pbs.twimg.com/profile_banners/3212600548/1477587891","http://abs.twimg.com/images/themes/theme1/bg.png","http://pbs.twimg.com/profile_images/600244223196037120/wJm5xETi_normal.png"
"x1584486355031113728",2022-10-24 10:06:00,"Orodata","Did you know that in 2020, 1.7 million people in Nigeria were living with HIV?
Join @Africa_datahub and @orodata monthly ADH Twitter space.
As we discuss HIV Prevalence ‚Äì The Silence and Spread in Nigeria on Wed., 26th October 2022.
 6pm WAT.
 with @MunaNwogu as our moderator. https://t.co/vi6xIbFjQZ","Twitter Web App",277,,,,FALSE,"Tweet",4,4,,,,,,,,"http://pbs.twimg.com/media/Ff0575BXgAAoo3i.jpg","https://t.co/vi6xIbFjQZ","https://twitter.com/Orodata/status/1584486355031113728/photo/1","photo","http://pbs.twimg.com/media/Ff0575BXgAAoo3i.jpg","https://t.co/vi6xIbFjQZ","https://twitter.com/Orodata/status/1584486355031113728/photo/1",,"x1375010074838642690 x3212600548 x978924024058318848","Africa_DataHub Orodata MunaNwogu","en",,,,,,,,,,,,,,,,,,,,,,,,,,,,,,,,,,,,,"NA NA","NA NA","NA NA NA NA NA NA NA NA","https://twitter.com/Orodata/status/1584486355031113728","O R O D A T A","mail@orodataviz.com","Fostering equitable access to information. Improving data accessibility for citizens, captains of industry, civil society, and media.","https://t.co/xSYpJCLP3V",FALSE,2339,603,91,5545,474,2015-04-27 11:34:30,FALSE,"https://t.co/xSYpJCLP3V","http://orodataviz.com",,"https://pbs.twimg.com/profile_banners/3212600548/1477587891","http://abs.twimg.com/images/themes/theme1/bg.png","http://pbs.twimg.com/profile_images/600244223196037120/wJm5xETi_normal.png"
"x1584831248589279232",2022-10-25 08:56:29,"Orodata","Did you know that Nigeria has 190,950 HIV/AIDS infections per year, the second highest rate in the world?
Join @Africa_datahub and @orodata monthly ADH Twitter Space with @MunaNwogu as our Moderator
 as we discuss ""HIV -The Silence and Spread in Nigeria.
Wed 26th, Oct., 2022 . https://t.co/UbhOsuL2BX","Twitter Web App",277,,,,FALSE,"Tweet",8,2,,,,,,,,"http://pbs.twimg.com/media/Ff5zgv0WAAAXscQ.jpg","https://t.co/UbhOsuL2BX","https://twitter.com/Orodata/status/1584831248589279232/photo/1","photo","http://pbs.twimg.com/media/Ff5zgv0WAAAXscQ.jpg","https://t.co/UbhOsuL2BX","https://twitter.com/Orodata/status/1584831248589279232/photo/1",,"x1375010074838642690 x3212600548 x978924024058318848","Africa_DataHub Orodata MunaNwogu","en",,,,,,,,,,,,,,,,,,,,,,,,,,,,,,,,,,,,,"NA NA","NA NA","NA NA NA NA NA NA NA NA","https://twitter.com/Orodata/status/1584831248589279232","O R O D A T A","mail@orodataviz.com","Fostering equitable access to information. Improving data accessibility for citizens, captains of industry, civil society, and media.","https://t.co/xSYpJCLP3V",FALSE,2339,603,91,5545,474,2015-04-27 11:34:30,FALSE,"https://t.co/xSYpJCLP3V","http://orodataviz.com",,"https://pbs.twimg.com/profile_banners/3212600548/1477587891","http://abs.twimg.com/images/themes/theme1/bg.png","http://pbs.twimg.com/profile_images/600244223196037120/wJm5xETi_normal.png"
"x1584434550306131968",2022-10-24 06:40:08,"Orodata","Data journalism, investigative reporting, geo journalism. What‚Äôs next?

Read this interview with Blaise Aboh (@AimLEGEND_) co-founder of @Orodata, a media innovator exploring the use of AI and other innovations in media to find out more:
https://t.co/JsTuq7hTf8
#journalism #data","Twitter Web App",279,,,,FALSE,"Tweet",12,11,,,"journalism data",,"bit.ly/3D1ied9","https://t.co/JsTuq7hTf8","https://bit.ly/3D1ied9",,,,,,,,,"x23876890 x3212600548","AimLEGEND_ Orodata","en",,,,,,,,,,,,,,,,,,,,,,,,,,,,,,,,,,,,,"NA NA","NA NA","NA NA NA NA NA NA NA NA","https://twitter.com/Orodata/status/1584434550306131968","O R O D A T A","mail@orodataviz.com","Fostering equitable access to information. Improving data accessibility for citizens, captains of industry, civil society, and media.","https://t.co/xSYpJCLP3V",FALSE,2339,603,91,5545,474,2015-04-27 11:34:30,FALSE,"https://t.co/xSYpJCLP3V","http://orodataviz.com",,"https://pbs.twimg.com/profile_banners/3212600548/1477587891","http://abs.twimg.com/images/themes/theme1/bg.png","http://pbs.twimg.com/profile_images/600244223196037120/wJm5xETi_normal.png"
"x1584508870118223877",2022-10-24 11:35:28,"Orodata","Did you know that in 2020, 1.7 million people in Nigeria were living with HIV?
Join @Africa_datahub and @orodata monthly ADH Twitter space.
As we discuss HIV Prevalence ‚Äì The Silence and Spread in Nigeria on Wed., 26th October 2022.
 6pm WAT.
 with @MunaNwogu as our moderator. https://t.co/vi6xIbFjQZ","Twitter for Android",140,,,,FALSE,"Retweet",0,4,,,,,,,,,,,,,,,,"x3212600548 x1375010074838642690 x3212600548","Orodata Africa_DataHub Orodata","en",,,,,,,,,,,,,,,,"x1584486355031113728","Did you know that in 2020, 1.7 million people in Nigeria were living with HIV?
Join @Africa_datahub and @orodata monthly ADH Twitter space.
As we discuss HIV Prevalence ‚Äì The Silence and Spread in Nigeria on Wed., 26th October 2022.
 6pm WAT.
 with @MunaNwogu as our moderator. https://t.co/vi6xIbFjQZ",2022-10-24 10:06:00,"Twitter Web App",4,4,"x3212600548","Orodata","O R O D A T A",2339,603,5545,"mail@orodataviz.com","Fostering equitable access to information. Improving data accessibility for citizens, captains of industry, civil society, and media.",FALSE,,,,,,,"NA NA","NA NA","NA NA NA NA NA NA NA NA","https://twitter.com/Orodata/status/1584508870118223877","O R O D A T A","mail@orodataviz.com","Fostering equitable access to information. Improving data accessibility for citizens, captains of industry, civil society, and media.","https://t.co/xSYpJCLP3V",FALSE,2339,603,91,5545,474,2015-04-27 11:34:30,FALSE,"https://t.co/xSYpJCLP3V","http://orodataviz.com",,"https://pbs.twimg.com/profile_banners/3212600548/1477587891","http://abs.twimg.com/images/themes/theme1/bg.png","http://pbs.twimg.com/profile_images/600244223196037120/wJm5xETi_normal.png"
"x1585189165888856065",2022-10-26 08:38:43,"Orodata","Did you know that Nigeria is the fifth country in the top 10 countries with HIV cases in 2020?
Join @Africa_datahub and @orodata monthly ADH Twitter Space  today with @MunaNwogu as our Moderator as we discuss ""HIV -The Silence and Spread in Nigeria.
Time 7pm. https://t.co/Wssg3LsTEH","Twitter Web App",259,,,,FALSE,"Tweet",0,0,,,,,,,,"http://pbs.twimg.com/media/Ff-2_XnWIAA-4iF.jpg","https://t.co/Wssg3LsTEH","https://twitter.com/Orodata/status/1585189165888856065/photo/1","photo","http://pbs.twimg.com/media/Ff-2_XnWIAA-4iF.jpg","https://t.co/Wssg3LsTEH","https://twitter.com/Orodata/status/1585189165888856065/photo/1",,"x1375010074838642690 x3212600548 x978924024058318848","Africa_DataHub Orodata MunaNwogu","en",,,,,,,,,,,,,,,,,,,,,,,,,,,,,,,,,,,,,"NA NA","NA NA","NA NA NA NA NA NA NA NA","https://twitter.com/Orodata/status/1585189165888856065","O R O D A T A","mail@orodataviz.com","Fostering equitable access to information. Improving data accessibility for citizens, captains of industry, civil society, and media.","https://t.co/xSYpJCLP3V",FALSE,2339,603,91,5545,474,2015-04-27 11:34:30,FALSE,"https://t.co/xSYpJCLP3V","http://orodataviz.com",,"https://pbs.twimg.com/profile_banners/3212600548/1477587891","http://abs.twimg.com/images/themes/theme1/bg.png","http://pbs.twimg.com/profile_images/600244223196037120/wJm5xETi_normal.png"
"x1585531817695891456",2022-10-27 07:20:17,"Orodata","Thank you so much for joining @Africa_datahub and @orodata monthly twitter space. 
In case you missed it, here is the recording https://t.co/JKgkeypDDi
#nigeria #ADHSPACE","Twitter Web App",170,,,,FALSE,"Tweet",3,0,,,"nigeria ADHSPACE",,"twitter.com/i/spaces/1BRJj‚Ä¶","https://t.co/JKgkeypDDi","https://twitter.com/i/spaces/1BRJjZdQrgRJw",,,,,,,,,"x1375010074838642690 x3212600548","Africa_DataHub Orodata","en",,,,,,,,,,,,,,,,,,,,,,,,,,,,,,,,,,,,,"NA NA","NA NA","NA NA NA NA NA NA NA NA","https://twitter.com/Orodata/status/1585531817695891456","O R O D A T A","mail@orodataviz.com","Fostering equitable access to information. Improving data accessibility for citizens, captains of industry, civil society, and media.","https://t.co/xSYpJCLP3V",FALSE,2339,603,91,5545,474,2015-04-27 11:34:30,FALSE,"https://t.co/xSYpJCLP3V","http://orodataviz.com",,"https://pbs.twimg.com/profile_banners/3212600548/1477587891","http://abs.twimg.com/images/themes/theme1/bg.png","http://pbs.twimg.com/profile_images/600244223196037120/wJm5xETi_normal.png"
"x1585307836695056384",2022-10-26 16:30:16,"Orodata","I am attending @africa_datahub and @orodata ADH Twitter Space Discussion today at 6pm with @MunaNwogu 
What about you? 
https://t.co/JKgkeyqbsQ","Twitter Web App",143,,,,FALSE,"Tweet",4,0,,,,,"twitter.com/i/spaces/1BRJj‚Ä¶","https://t.co/JKgkeyqbsQ","https://twitter.com/i/spaces/1BRJjZdQrgRJw",,,,,,,,,"x1375010074838642690 x3212600548 x978924024058318848","Africa_DataHub Orodata MunaNwogu","en",,,,,,,,,,,,,,,,,,,,,,,,,,,,,,,,,,,,,"NA NA","NA NA","NA NA NA NA NA NA NA NA","https://twitter.com/Orodata/status/1585307836695056384","O R O D A T A","mail@orodataviz.com","Fostering equitable access to information. Improving data accessibility for citizens, captains of industry, civil society, and media.","https://t.co/xSYpJCLP3V",FALSE,2339,603,91,5545,474,2015-04-27 11:34:30,FALSE,"https://t.co/xSYpJCLP3V","http://orodataviz.com",,"https://pbs.twimg.com/profile_banners/3212600548/1477587891","http://abs.twimg.com/images/themes/theme1/bg.png","http://pbs.twimg.com/profile_images/600244223196037120/wJm5xETi_normal.png"
"x1584446753121927168",2022-10-24 07:28:38,"Orodata","Data journalism, investigative reporting, geo journalism. What‚Äôs next?

Read this interview with Blaise Aboh (@AimLEGEND_) co-founder of @Orodata, a media innovator exploring the use of AI and other innovations in media to find out more:
https://t.co/JsTuq7hTf8
#journalism #data","Twitter for Android",140,,,,FALSE,"Retweet",0,11,,,,,,,,,,,,,,,,"x3212600548 x23876890","Orodata AimLEGEND_","en",,,,,,,,,,,,,,,,"x1584434550306131968","Data journalism, investigative reporting, geo journalism. What‚Äôs next?

Read this interview with Blaise Aboh (@AimLEGEND_) co-founder of @Orodata, a media innovator exploring the use of AI and other innovations in media to find out more:
https://t.co/JsTuq7hTf8
#journalism #data",2022-10-24 06:40:08,"Twitter Web App",12,11,"x3212600548","Orodata","O R O D A T A",2339,603,5545,"mail@orodataviz.com","Fostering equitable access to information. Improving data accessibility for citizens, captains of industry, civil society, and media.",FALSE,,,,,,,"NA NA","NA NA","NA NA NA NA NA NA NA NA","https://twitter.com/Orodata/status/1584446753121927168","O R O D A T A","mail@orodataviz.com","Fostering equitable access to information. Improving data accessibility for citizens, captains of industry, civil society, and media.","https://t.co/xSYpJCLP3V",FALSE,2339,603,91,5545,474,2015-04-27 11:34:30,FALSE,"https://t.co/xSYpJCLP3V","http://orodataviz.com",,"https://pbs.twimg.com/profile_banners/3212600548/1477587891","http://abs.twimg.com/images/themes/theme1/bg.png","http://pbs.twimg.com/profile_images/600244223196037120/wJm5xETi_normal.png"
"x1584477089851666433",2022-10-24 09:29:11,"Orodata","This week, my special report on the hardship faced during #COVID19 &amp; post pandemic by female farmers &amp; business owners in three Ogun State communities without getting any palliative, will be published. 99% female sources. #BattlingSurvival 
@Orodata @Africa_DataHub https://t.co/OcwUuQ2bDk","Twitter Web App",147,,,,FALSE,"Retweet",0,3,,,"COVID19",,,,,,,,,,,,,"x4876539628","oloyenaija1","en",,,,,,,,,,,,,,,,"x1584476885009895424","This week, my special report on the hardship faced during #COVID19 &amp; post pandemic by female farmers &amp; business owners in three Ogun State communities without getting any palliative, will be published. 99% female sources. #BattlingSurvival 
@Orodata @Africa_DataHub https://t.co/OcwUuQ2bDk",2022-10-24 09:28:22,"Twitter for iPhone",9,3,"x4876539628","oloyenaija1","Adesola Ikulajolu",2188,3814,13005,"Nigeria","Fact-Check Editor @roundcheck ‚Ä¢ Journalistüá≥üá¨‚Ä¢Fellow @CAPPAfrica @Africa_DataHub ‚Ä¢Ft: @premiumtimesng @TheNationNews ‚Ä¢@NaijaNews üìß adesola@roundcheck.com.ng",FALSE,,,,,,,"NA NA","NA NA","NA NA NA NA NA NA NA NA","https://twitter.com/Orodata/status/1584477089851666433","O R O D A T A","mail@orodataviz.com","Fostering equitable access to information. Improving data accessibility for citizens, captains of industry, civil society, and media.","https://t.co/xSYpJCLP3V",FALSE,2339,603,91,5545,474,2015-04-27 11:34:30,FALSE,"https://t.co/xSYpJCLP3V","http://orodataviz.com",,"https://pbs.twimg.com/profile_banners/3212600548/1477587891","http://abs.twimg.com/images/themes/theme1/bg.png","http://pbs.twimg.com/profile_images/600244223196037120/wJm5xETi_normal.png"
"x1585322573419712513",2022-10-26 17:28:50,"iradespoir","Thanks for having us @CivicTechAfrica!  We loved engaging with attendees of the #CTIF22ü´±üèø‚Äçü´≤üèæüåçü•≥
And we look forward to connecting with everyone online in the futureüñ•Ô∏è https://t.co/vhU5kPJkZn","Twitter for Android",140,,,,FALSE,"Retweet",0,2,,,"CTIF22",,,,,,,,,,,,,"x1375010074838642690 x864792522031345665","Africa_DataHub CivicTechAfrica","en",,,,,,,,,,,,,,,,"x1585227454523658240","Thanks for having us @CivicTechAfrica!  We loved engaging with attendees of the #CTIF22ü´±üèø‚Äçü´≤üèæüåçü•≥
And we look forward to connecting with everyone online in the futureüñ•Ô∏è https://t.co/vhU5kPJkZn",2022-10-26 11:10:51,"Twitter Web App",5,2,"x1375010074838642690","Africa_DataHub","Africa Data Hub",530,235,1010,"Africa","Supporting journalists to tell the stories that matter with the data they need. #data #journalism",FALSE,,,,,,,"NA NA","NA NA","NA NA NA NA NA NA NA NA","https://twitter.com/iradespoir/status/1585322573419712513","Espoir Iradukunda","Nairobi, Kenya ","Data Investigative Journalist | Founder&Editor @insideburundi, Media Entrepreneur & Trainer. Tell stories using #GeoJournalism","https://t.co/vb9sGNsBMK",FALSE,265,460,1,6177,7403,2014-01-23 18:01:20,FALSE,"https://t.co/vb9sGNsBMK","http://www.insideburundi.org",,"https://pbs.twimg.com/profile_banners/2306999382/1654897421","http://abs.twimg.com/images/themes/theme1/bg.png","http://pbs.twimg.com/profile_images/1580882838492151808/8emYgFs0_normal.jpg"
"x1585225771840204800",2022-10-26 11:04:10,"Fasilat_Oluwuyi","#BattlingSurvival

‚ÄúOnly those who have sewing machines at home can deliver on their businesses. Some people were selling food during the lockdown but nobody was buying. We could not go out and people were suffering.‚Äù

https://t.co/lS8UeDo75w
@Orodata @Africa_DataHub","Twitter for Android",139,,,,FALSE,"Retweet",0,2,,,"BattlingSurvival",,,,,,,,,,,,,"x4876539628","oloyenaija1","en",,,,,,,,,,,,,,,,"x1585179465814274048","#BattlingSurvival

‚ÄúOnly those who have sewing machines at home can deliver on their businesses. Some people were selling food during the lockdown but nobody was buying. We could not go out and people were suffering.‚Äù

https://t.co/lS8UeDo75w
@Orodata @Africa_DataHub",2022-10-26 08:00:10,"Twitter for iPhone",2,2,"x4876539628","oloyenaija1","Adesola Ikulajolu",2188,3814,13005,"Nigeria","Fact-Check Editor @roundcheck ‚Ä¢ Journalistüá≥üá¨‚Ä¢Fellow @CAPPAfrica @Africa_DataHub ‚Ä¢Ft: @premiumtimesng @TheNationNews ‚Ä¢@NaijaNews üìß adesola@roundcheck.com.ng",FALSE,,,,,,,"NA NA","NA NA","NA NA NA NA NA NA NA NA","https://twitter.com/Fasilat_Oluwuyi/status/1585225771840204800","Fasilat Oluwuyi","Ibadan, Nigeria","Muslimah|Journalist|Entrepreneur

BYLINE:@PremiumTimesng|@TheNationNews|@Dataphyte|@PlatformTimes|@CampReporterNG|@allafrica

Finalist:@AfricaCheck award 2021","https://t.co/8RDER7N2TZ",FALSE,621,1634,1,726,2574,2014-03-10 17:36:52,TRUE,"https://t.co/8RDER7N2TZ","https://muckrack.com/fasilat-oluwuyi-1/portfolio",,"https://pbs.twimg.com/profile_banners/2399980810/1614497347","http://abs.twimg.com/images/themes/theme1/bg.png","http://pbs.twimg.com/profile_images/1518884879731208192/IIplRUXL_normal.jpg"
"x1585198954240565248",2022-10-26 09:17:36,"20tendaily","Would you believe that the prevalence rate of HIV was   highest among the female adult population in Nigeria ?
#Set reminder for @Africa_DataHub and @Orodata twitter space this evening with @MunaNwogu as our moderator as we discuss ""HIV - The Silence and Spread in Nigeria by 6pm https://t.co/yPb53dJBc6","Twitter Web App",279,,,,FALSE,"Tweet",1,1,,,"Set",,,,,"http://pbs.twimg.com/media/Ff_CCNKWQAAO1Cs.jpg","https://t.co/yPb53dJBc6","https://twitter.com/20tendaily/status/1585198954240565248/photo/1","photo","http://pbs.twimg.com/media/Ff_CCNKWQAAO1Cs.jpg","https://t.co/yPb53dJBc6","https://twitter.com/20tendaily/status/1585198954240565248/photo/1",,"x1375010074838642690 x3212600548 x978924024058318848","Africa_DataHub Orodata MunaNwogu","en",,,,,,,,,,,,,,,,,,,,,,,,,,,,,,,,,,,,,"NA NA","NA NA","NA NA NA NA NA NA NA NA","https://twitter.com/20tendaily/status/1585198954240565248","Twentyten Insights","Lagos","Twentytendaily focuses on data journalism that promotes accuracy in public debates and media in Nigeria in order to raise the quality of information available.","https://t.co/HIfQCGnFyF",FALSE,56,69,0,606,26,2022-03-14 08:36:30,FALSE,"https://t.co/HIfQCGnFyF","https://twentytendaily.com/",,,,"http://pbs.twimg.com/profile_images/1503335000812535813/eg22k2MK_normal.jpg"
"x1584496244973764613",2022-10-24 10:45:17,"20tendaily","Would you believe that Akwa Ibom has the highest number of people living with HIV in Nigeria at 5.6 %?
Join @Africa_datahub and @orodata  monthly ADH Twitter Space with @MunaNwogu as our Moderator
 as we discuss ""HIV -The Silence and Spread in Nigeria.
Wed 26th, Oct., 2022.
6pm . https://t.co/Taa8PlnMWz","Twitter Web App",280,,,,FALSE,"Tweet",4,1,,,,,,,,"http://pbs.twimg.com/media/Ff1C57xWAAg6xTK.jpg","https://t.co/Taa8PlnMWz","https://twitter.com/20tendaily/status/1584496244973764613/photo/1","photo","http://pbs.twimg.com/media/Ff1C57xWAAg6xTK.jpg","https://t.co/Taa8PlnMWz","https://twitter.com/20tendaily/status/1584496244973764613/photo/1",,"x1375010074838642690 x3212600548 x978924024058318848","Africa_DataHub Orodata MunaNwogu","en",,,,,,,,,,,,,,,,,,,,,,,,,,,,,,,,,,,,,"NA NA","NA NA","NA NA NA NA NA NA NA NA","https://twitter.com/20tendaily/status/1584496244973764613","Twentyten Insights","Lagos","Twentytendaily focuses on data journalism that promotes accuracy in public debates and media in Nigeria in order to raise the quality of information available.","https://t.co/HIfQCGnFyF",FALSE,56,69,0,606,26,2022-03-14 08:36:30,FALSE,"https://t.co/HIfQCGnFyF","https://twentytendaily.com/",,,,"http://pbs.twimg.com/profile_images/1503335000812535813/eg22k2MK_normal.jpg"
"x1584836403837345792",2022-10-25 09:16:58,"20tendaily","Would you believe that Eti-Osa, Ibeju-Lekki, Epe LGAs lead in high HIV prevalence rate in Lagos state?
Join @Africa_DataHub and @Orodata Science monthly ADH Twitter space with @MunaNwogu as our Moderator as we discuss ""HIV -The Silence and Spread in Nigeria.
Wed 26th, Oct. 2022. https://t.co/Jne6TVlzqy","Twitter Web App",279,,,,FALSE,"Tweet",1,0,,,,,,,,"http://pbs.twimg.com/media/Ff535kbWYAEI4pQ.jpg","https://t.co/Jne6TVlzqy","https://twitter.com/20tendaily/status/1584836403837345792/photo/1","photo","http://pbs.twimg.com/media/Ff535kbWYAEI4pQ.jpg","https://t.co/Jne6TVlzqy","https://twitter.com/20tendaily/status/1584836403837345792/photo/1",,"x1375010074838642690 x3212600548 x978924024058318848","Africa_DataHub Orodata MunaNwogu","en",,,,,,,,,,,,,,,,,,,,,,,,,,,,,,,,,,,,,"NA NA","NA NA","NA NA NA NA NA NA NA NA","https://twitter.com/20tendaily/status/1584836403837345792","Twentyten Insights","Lagos","Twentytendaily focuses on data journalism that promotes accuracy in public debates and media in Nigeria in order to raise the quality of information available.","https://t.co/HIfQCGnFyF",FALSE,56,69,0,606,26,2022-03-14 08:36:30,FALSE,"https://t.co/HIfQCGnFyF","https://twentytendaily.com/",,,,"http://pbs.twimg.com/profile_images/1503335000812535813/eg22k2MK_normal.jpg"
"x1584852332680204291",2022-10-25 10:20:15,"oloyenaija1","These women suffered double woes- the pandemic and hunger. They battled survival and the pandemic. Despite the various relief funds and palliatives, they got NOTHING.
I reported on their survival story. #BattlingSurvival 
@Orodata @Africa_DataHub @Connected_dev @mrfestusogun https://t.co/pMVD7pXbiD","Twitter for iPhone",275,,,,TRUE,"Tweet",1,1,,,"BattlingSurvival",,"twitter.com/NaijaNews/stat‚Ä¶","https://t.co/pMVD7pXbiD","https://twitter.com/NaijaNews/status/1584550872415191042",,,,,,,,,"x3212600548 x1375010074838642690 x2345330893 x2380949323","Orodata Africa_DataHub Connected_dev mrfestusogun","en","x1584550872415191042","Battling Survival And The Pandemic: Ogun Communities Where Female Farmer, Business Owners Faced¬†Hardship https://t.co/IrLwr118qZ",2022-10-24 14:22:22,"WordPress.com",3,0,"x801068594121637889","NaijaNews","Nigeria News",43632,44,119209,"Lagos, Nigeria","Follow Naija News for the latest news in politics, entertainment, sports & business üìß newsroom@naijanews.com üìû +2348105655605",TRUE,,,,,,,,,,,,,,,,,,,,,,"NA NA","NA NA","NA NA NA NA NA NA NA NA","https://twitter.com/oloyenaija1/status/1584852332680204291","Adesola Ikulajolu","Nigeria","Fact-Check Editor @roundcheck ‚Ä¢ Journalistüá≥üá¨‚Ä¢Fellow @CAPPAfrica @Africa_DataHub ‚Ä¢Ft: @premiumtimesng @TheNationNews ‚Ä¢@NaijaNews üìß adesola@roundcheck.com.ng","https://t.co/yH50bk7FQW",FALSE,2188,3814,1,13005,26879,2016-02-04 14:40:37,FALSE,"https://t.co/yH50bk7FQW","https://muckrack.com/adesola-ikulajolu",,"https://pbs.twimg.com/profile_banners/4876539628/1642882920",,"http://pbs.twimg.com/profile_images/1561056114988441600/3nTIUKQJ_normal.jpg"
"x1585179465814274048",2022-10-26 08:00:10,"oloyenaija1","#BattlingSurvival

‚ÄúOnly those who have sewing machines at home can deliver on their businesses. Some people were selling food during the lockdown but nobody was buying. We could not go out and people were suffering.‚Äù

https://t.co/lS8UeDo75w
@Orodata @Africa_DataHub","Twitter for iPhone",267,,,,FALSE,"Tweet",2,2,,,"BattlingSurvival",,"ripplesnigeria.com/feature-two-ye‚Ä¶","https://t.co/lS8UeDo75w","https://www.ripplesnigeria.com/feature-two-years-after-women-in-ogun-communities-still-struggling-to-survive-effects-of-covid-19-lockdown/",,,,,,,,,"x3212600548 x1375010074838642690","Orodata Africa_DataHub","en",,,,,,,,,,,,,,,,,,,,,,,,,,,,,,,,,,,,,"NA NA","NA NA","NA NA NA NA NA NA NA NA","https://twitter.com/oloyenaija1/status/1585179465814274048","Adesola Ikulajolu","Nigeria","Fact-Check Editor @roundcheck ‚Ä¢ Journalistüá≥üá¨‚Ä¢Fellow @CAPPAfrica @Africa_DataHub ‚Ä¢Ft: @premiumtimesng @TheNationNews ‚Ä¢@NaijaNews üìß adesola@roundcheck.com.ng","https://t.co/yH50bk7FQW",FALSE,2188,3814,1,13005,26879,2016-02-04 14:40:37,FALSE,"https://t.co/yH50bk7FQW","https://muckrack.com/adesola-ikulajolu",,"https://pbs.twimg.com/profile_banners/4876539628/1642882920",,"http://pbs.twimg.com/profile_images/1561056114988441600/3nTIUKQJ_normal.jpg"
"x1584476885009895424",2022-10-24 09:28:22,"oloyenaija1","This week, my special report on the hardship faced during #COVID19 &amp; post pandemic by female farmers &amp; business owners in three Ogun State communities without getting any palliative, will be published. 99% female sources. #BattlingSurvival 
@Orodata @Africa_DataHub https://t.co/OcwUuQ2bDk","Twitter for iPhone",273,,,,FALSE,"Tweet",9,3,,,"COVID19 BattlingSurvival",,,,,"http://pbs.twimg.com/media/Ff0xUq7XoAEj7kk.jpg","https://t.co/OcwUuQ2bDk","https://twitter.com/oloyenaija1/status/1584476885009895424/photo/1","photo","http://pbs.twimg.com/media/Ff0xUq7XoAEj7kk.jpg http://pbs.twimg.com/media/Ff0xUq7WAAAYMlS.jpg","https://t.co/OcwUuQ2bDk https://t.co/OcwUuQ2bDk","https://twitter.com/oloyenaija1/status/1584476885009895424/photo/1 https://twitter.com/oloyenaija1/status/1584476885009895424/photo/1",,"x3212600548 x1375010074838642690","Orodata Africa_DataHub","en",,,,,,,,,,,,,,,,,,,,,,,,,,,,,,,,,,,,,"NA NA","NA NA","NA NA NA NA NA NA NA NA","https://twitter.com/oloyenaija1/status/1584476885009895424","Adesola Ikulajolu","Nigeria","Fact-Check Editor @roundcheck ‚Ä¢ Journalistüá≥üá¨‚Ä¢Fellow @CAPPAfrica @Africa_DataHub ‚Ä¢Ft: @premiumtimesng @TheNationNews ‚Ä¢@NaijaNews üìß adesola@roundcheck.com.ng","https://t.co/yH50bk7FQW",FALSE,2188,3814,1,13005,26879,2016-02-04 14:40:37,FALSE,"https://t.co/yH50bk7FQW","https://muckrack.com/adesola-ikulajolu",,"https://pbs.twimg.com/profile_banners/4876539628/1642882920",,"http://pbs.twimg.com/profile_images/1561056114988441600/3nTIUKQJ_normal.jpg"
"x1584953646558896129",2022-10-25 17:02:51,"OladunjoyeBles1","Did you know that Nigeria has 190,950 HIV/AIDS infections per year, the second highest rate in the world?
Join @Africa_datahub and @orodata monthly ADH Twitter Space with @MunaNwogu as our Moderator
 as we discuss ""HIV -The Silence and Spread in Nigeria.
Wed 26th, Oct., 2022 . https://t.co/UbhOsuL2BX","Twitter for Android",140,,,,FALSE,"Retweet",0,2,,,,,,,,,,,,,,,,"x3212600548 x1375010074838642690","Orodata Africa_DataHub","en",,,,,,,,,,,,,,,,"x1584831248589279232","Did you know that Nigeria has 190,950 HIV/AIDS infections per year, the second highest rate in the world?
Join @Africa_datahub and @orodata monthly ADH Twitter Space with @MunaNwogu as our Moderator
 as we discuss ""HIV -The Silence and Spread in Nigeria.
Wed 26th, Oct., 2022 . https://t.co/UbhOsuL2BX",2022-10-25 08:56:29,"Twitter Web App",8,2,"x3212600548","Orodata","O R O D A T A",2339,603,5545,"mail@orodataviz.com","Fostering equitable access to information. Improving data accessibility for citizens, captains of industry, civil society, and media.",FALSE,,,,,,,"NA NA","NA NA","NA NA NA NA NA NA NA NA","https://twitter.com/OladunjoyeBles1/status/1584953646558896129","Blessing Oladunjoye","Lagos, Nigeria","Journalist| Development Enthusiast| Radio Host| Passionate about Women, Girls & PWDs https://t.co/fXq1YO5KEB","https://t.co/Ehj9bLgYJn",FALSE,2066,2687,3,8029,9098,2014-03-06 12:55:12,FALSE,"https://t.co/Ehj9bLgYJn","http://www.bonews.com.ng",,"https://pbs.twimg.com/profile_banners/2388345497/1466420577","http://abs.twimg.com/images/themes/theme1/bg.png","http://pbs.twimg.com/profile_images/1428394130837843977/lsLASZV9_normal.jpg"
"x1584560097845743616",2022-10-24 14:59:01,"FactsOnlyAfrica","Catch @SeFindlay, Project Lead of Africa Data Hub at the in-person #Jamfest22 and #CTIF22 this week to chat all things data journalism in AfricaüñäÔ∏è
Register here for your free ticket to join: https://t.co/C57LoaJeit","Twitter for Android",139,,,,FALSE,"Retweet",0,2,,,"Jamfest22 CTIF22",,,,,,,,,,,,,"x1375010074838642690 x2892907665","Africa_DataHub SeFindlay","en",,,,,,,,,,,,,,,,"x1584461848992440321","Catch @SeFindlay, Project Lead of Africa Data Hub at the in-person #Jamfest22 and #CTIF22 this week to chat all things data journalism in AfricaüñäÔ∏è
Register here for your free ticket to join: https://t.co/C57LoaJeit",2022-10-24 08:28:37,"Twitter Web App",3,2,"x1375010074838642690","Africa_DataHub","Africa Data Hub",530,235,1010,"Africa","Supporting journalists to tell the stories that matter with the data they need. #data #journalism",FALSE,,,,,,,"NA NA","NA NA","NA NA NA NA NA NA NA NA","https://twitter.com/FactsOnlyAfrica/status/1584560097845743616","PA","","Researcher",,FALSE,8,76,0,73,30,2019-12-10 10:56:12,FALSE,,,,,,"http://pbs.twimg.com/profile_images/1204354410740158464/RpB-lYrd_normal.jpg"
"x1584540369596796929",2022-10-24 13:40:38,"PeterDeselaers","The unstoppable @khadijapatel shares that the future of news is dire. In the next few years, the publication of our news may be held by a handful of billionaires @jamlabafrica @CivicTechAfrica @Africa_DataHub #unplugged https://t.co/rL15spLBcO","Twitter for iPhone",140,,,,FALSE,"Retweet",0,7,,,,,,,,,,,,,,,,"x2892907665 x17904983","SeFindlay khadijapatel","en",,,,,,,,,,,,,,,,"x1584475069333766144","The unstoppable @khadijapatel shares that the future of news is dire. In the next few years, the publication of our news may be held by a handful of billionaires @jamlabafrica @CivicTechAfrica @Africa_DataHub #unplugged https://t.co/rL15spLBcO",2022-10-24 09:21:09,"Twitter Web App",12,7,"x2892907665","SeFindlay","Sarah Findlay",371,869,2894,"Johannesburg, South Africa","Social ecologist. Fiery. Afro-optimist. Knowledge craver. Intent on social justice and media freedom.",FALSE,,,,,,,"NA NA","NA NA","NA NA NA NA NA NA NA NA","https://twitter.com/PeterDeselaers/status/1584540369596796929","Peter Deselaers","Namibia","works on media development @ DW Akademie. Views: my own. RTs not an endorsement.","https://t.co/rXDhsINQK5",FALSE,668,3387,57,6009,946,2015-07-14 17:46:59,FALSE,"https://t.co/rXDhsINQK5","http://dw.com/mediadev",,"https://pbs.twimg.com/profile_banners/3376103261/1636454371","http://abs.twimg.com/images/themes/theme1/bg.png","http://pbs.twimg.com/profile_images/621047071416668160/b6vUMpfY_normal.png"
"x1584518104444723200",2022-10-24 12:12:09,"Abassism01","Would you believe that Akwa Ibom has the highest number of people living with HIV in Nigeria at 5.6 %?
Join @Africa_datahub and @orodata  monthly ADH Twitter Space with @MunaNwogu as our Moderator
 as we discuss ""HIV -The Silence and Spread in Nigeria.
Wed 26th, Oct., 2022.
6pm . https://t.co/Taa8PlnMWz","Twitter for iPhone",140,,,,FALSE,"Retweet",0,1,,,,,,,,,,,,,,,,"x1503288646786502656 x1375010074838642690","20tendaily Africa_DataHub","en",,,,,,,,,,,,,,,,"x1584496244973764613","Would you believe that Akwa Ibom has the highest number of people living with HIV in Nigeria at 5.6 %?
Join @Africa_datahub and @orodata  monthly ADH Twitter Space with @MunaNwogu as our Moderator
 as we discuss ""HIV -The Silence and Spread in Nigeria.
Wed 26th, Oct., 2022.
6pm . https://t.co/Taa8PlnMWz",2022-10-24 10:45:17,"Twitter Web App",4,1,"x1503288646786502656","20tendaily","Twentyten Insights",56,69,606,"Lagos","Twentytendaily focuses on data journalism that promotes accuracy in public debates and media in Nigeria in order to raise the quality of information available.",FALSE,,,,,,,"NA NA","NA NA","NA NA NA NA NA NA NA NA","https://twitter.com/Abassism01/status/1584518104444723200","Abass","","Content writer || Graphics designer || social media savvy || blogger || Educator",,FALSE,36,37,0,72,57,2022-02-16 14:32:54,FALSE,,,,,,"http://pbs.twimg.com/profile_images/1493956980641255431/Qi7cJ0CB_normal.jpg"
"x1584514378153734145",2022-10-24 11:57:21,"Elikor_Benedita","Did you know that in 2020, 1.7 million people in Nigeria were living with HIV?
Join @Africa_datahub and @orodata monthly ADH Twitter space.
As we discuss HIV Prevalence ‚Äì The Silence and Spread in Nigeria on Wed., 26th October 2022.
 6pm WAT.
 with @MunaNwogu as our moderator. https://t.co/vi6xIbFjQZ","Twitter for Android",140,,,,FALSE,"Retweet",0,4,,,,,,,,,,,,,,,,"x3212600548 x1375010074838642690 x3212600548","Orodata Africa_DataHub Orodata","en",,,,,,,,,,,,,,,,"x1584486355031113728","Did you know that in 2020, 1.7 million people in Nigeria were living with HIV?
Join @Africa_datahub and @orodata monthly ADH Twitter space.
As we discuss HIV Prevalence ‚Äì The Silence and Spread in Nigeria on Wed., 26th October 2022.
 6pm WAT.
 with @MunaNwogu as our moderator. https://t.co/vi6xIbFjQZ",2022-10-24 10:06:00,"Twitter Web App",4,4,"x3212600548","Orodata","O R O D A T A",2339,603,5545,"mail@orodataviz.com","Fostering equitable access to information. Improving data accessibility for citizens, captains of industry, civil society, and media.",FALSE,,,,,,,"NA NA","NA NA","NA NA NA NA NA NA NA NA","https://twitter.com/Elikor_Benedita/status/1584514378153734145","Bene Dicta","Port Harcourt, Nigeria","benedictaelikor@gmail.com",,FALSE,22,43,0,38,580,2022-03-30 10:02:07,FALSE,,,,"https://pbs.twimg.com/profile_banners/1509108617944911876/1660960213",,"http://pbs.twimg.com/profile_images/1509151248762736642/4LOYu2J8_normal.jpg"
"x1584500803590852610",2022-10-24 11:03:24,"khadijapatel","The unstoppable @khadijapatel shares that the future of news is dire. In the next few years, the publication of our news may be held by a handful of billionaires @jamlabafrica @CivicTechAfrica @Africa_DataHub #unplugged https://t.co/rL15spLBcO","Twitter for iPhone",140,,,,FALSE,"Retweet",0,7,,,,,,,,,,,,,,,,"x2892907665 x17904983","SeFindlay khadijapatel","en",,,,,,,,,,,,,,,,"x1584475069333766144","The unstoppable @khadijapatel shares that the future of news is dire. In the next few years, the publication of our news may be held by a handful of billionaires @jamlabafrica @CivicTechAfrica @Africa_DataHub #unplugged https://t.co/rL15spLBcO",2022-10-24 09:21:09,"Twitter Web App",12,7,"x2892907665","SeFindlay","Sarah Findlay",371,869,2894,"Johannesburg, South Africa","Social ecologist. Fiery. Afro-optimist. Knowledge craver. Intent on social justice and media freedom.",FALSE,,,,,,,"NA NA","NA NA","NA NA NA NA NA NA NA NA","https://twitter.com/khadijapatel/status/1584500803590852610","Khadija Patel","Johannesburg","I push words on street corners. Chairperson: International Press Institute @globalfreemedia. Head of programmes:  @fundfreemedia.","https://t.co/JoTsUq5Dbs",FALSE,52962,3928,674,70391,15548,2008-12-05 19:11:32,TRUE,"https://t.co/JoTsUq5Dbs","http://khadijapatel.com",,"https://pbs.twimg.com/profile_banners/17904983/1632135498","http://abs.twimg.com/images/themes/theme19/bg.gif","http://pbs.twimg.com/profile_images/1490971477436514306/0dPstOhn_normal.jpg"
"x1584486043855704064",2022-10-24 10:04:45,"ajenda_edu","The unstoppable @khadijapatel shares that the future of news is dire. In the next few years, the publication of our news may be held by a handful of billionaires @jamlabafrica @CivicTechAfrica @Africa_DataHub #unplugged https://t.co/rL15spLBcO","Twitter for iPhone",140,,,,FALSE,"Retweet",0,7,,,,,,,,,,,,,,,,"x2892907665 x17904983","SeFindlay khadijapatel","en",,,,,,,,,,,,,,,,"x1584475069333766144","The unstoppable @khadijapatel shares that the future of news is dire. In the next few years, the publication of our news may be held by a handful of billionaires @jamlabafrica @CivicTechAfrica @Africa_DataHub #unplugged https://t.co/rL15spLBcO",2022-10-24 09:21:09,"Twitter Web App",12,7,"x2892907665","SeFindlay","Sarah Findlay",371,869,2894,"Johannesburg, South Africa","Social ecologist. Fiery. Afro-optimist. Knowledge craver. Intent on social justice and media freedom.",FALSE,,,,,,,"NA NA","NA NA","NA NA NA NA NA NA NA NA","https://twitter.com/ajenda_edu/status/1584486043855704064","African Journalism Educators' Network","","Connecting journalism educators and practitioners across Africa in collaboration with Fojo Media Institute, Sida and Wits Journalism.","https://t.co/fjRdqfayqa",FALSE,81,41,0,134,113,2022-08-04 09:53:30,FALSE,"https://t.co/fjRdqfayqa","https://linktr.ee/ajenda_edu",,"https://pbs.twimg.com/profile_banners/1555129667459375106/1660809827",,"http://pbs.twimg.com/profile_images/1559136703301967872/h2y3sDTd_normal.jpg"
"x1584485036040282112",2022-10-24 10:00:45,"olorunwababs","This week, my special report on the hardship faced during #COVID19 &amp; post pandemic by female farmers &amp; business owners in three Ogun State communities without getting any palliative, will be published. 99% female sources. #BattlingSurvival 
@Orodata @Africa_DataHub https://t.co/OcwUuQ2bDk","Twitter for Android",147,,,,FALSE,"Retweet",0,3,,,"COVID19",,,,,,,,,,,,,"x4876539628","oloyenaija1","en",,,,,,,,,,,,,,,,"x1584476885009895424","This week, my special report on the hardship faced during #COVID19 &amp; post pandemic by female farmers &amp; business owners in three Ogun State communities without getting any palliative, will be published. 99% female sources. #BattlingSurvival 
@Orodata @Africa_DataHub https://t.co/OcwUuQ2bDk",2022-10-24 09:28:22,"Twitter for iPhone",9,3,"x4876539628","oloyenaija1","Adesola Ikulajolu",2188,3814,13005,"Nigeria","Fact-Check Editor @roundcheck ‚Ä¢ Journalistüá≥üá¨‚Ä¢Fellow @CAPPAfrica @Africa_DataHub ‚Ä¢Ft: @premiumtimesng @TheNationNews ‚Ä¢@NaijaNews üìß adesola@roundcheck.com.ng",FALSE,,,,,,,"NA NA","NA NA","NA NA NA NA NA NA NA NA","https://twitter.com/olorunwababs/status/1584485036040282112","Ak√≠nt√∫nd√© Bab√°t√∫nd√©"," üåé","Mandela Washington Fellow || Chevening Scholar || UNESCO MIL Ambassador || Global Citizen || Interested in a society that works for everyone **tweets personal","https://t.co/ytVFCiEtwT",FALSE,16124,4551,33,30996,19458,2016-04-28 08:55:17,TRUE,"https://t.co/ytVFCiEtwT","https://www.linkedin.com/in/akintundebabatunde/",,"https://pbs.twimg.com/profile_banners/725609319132180480/1635659429",,"http://pbs.twimg.com/profile_images/1544886854180388864/70G2AV2Q_normal.jpg"
"x1584480325630980096",2022-10-24 09:42:02,"beniandthejets","The unstoppable @khadijapatel shares that the future of news is dire. In the next few years, the publication of our news may be held by a handful of billionaires @jamlabafrica @CivicTechAfrica @Africa_DataHub #unplugged https://t.co/rL15spLBcO","Twitter for Android",140,,,,FALSE,"Retweet",0,7,,,,,,,,,,,,,,,,"x2892907665 x17904983","SeFindlay khadijapatel","en",,,,,,,,,,,,,,,,"x1584475069333766144","The unstoppable @khadijapatel shares that the future of news is dire. In the next few years, the publication of our news may be held by a handful of billionaires @jamlabafrica @CivicTechAfrica @Africa_DataHub #unplugged https://t.co/rL15spLBcO",2022-10-24 09:21:09,"Twitter Web App",12,7,"x2892907665","SeFindlay","Sarah Findlay",371,869,2894,"Johannesburg, South Africa","Social ecologist. Fiery. Afro-optimist. Knowledge craver. Intent on social justice and media freedom.",FALSE,,,,,,,"NA NA","NA NA","NA NA NA NA NA NA NA NA","https://twitter.com/beniandthejets/status/1584480325630980096","Benazir","","| she/her | I fix words | pro-choice | üáøüá¶ | Please don't bring up my tweets in a job interview |",,FALSE,442,245,12,24137,7269,2011-05-15 18:37:25,FALSE,,,,"https://pbs.twimg.com/profile_banners/299233739/1600857596","http://abs.twimg.com/images/themes/theme19/bg.gif","http://pbs.twimg.com/profile_images/1293839620975755266/oBQ1XIC7_normal.jpg"
"x1584475969691480064",2022-10-24 09:24:43,"jamlabafrica","The unstoppable @khadijapatel shares that the future of news is dire. In the next few years, the publication of our news may be held by a handful of billionaires @jamlabafrica @CivicTechAfrica @Africa_DataHub #unplugged https://t.co/rL15spLBcO","Twitter for iPhone",140,,,,FALSE,"Retweet",0,7,,,,,,,,,,,,,,,,"x2892907665 x17904983","SeFindlay khadijapatel","en",,,,,,,,,,,,,,,,"x1584475069333766144","The unstoppable @khadijapatel shares that the future of news is dire. In the next few years, the publication of our news may be held by a handful of billionaires @jamlabafrica @CivicTechAfrica @Africa_DataHub #unplugged https://t.co/rL15spLBcO",2022-10-24 09:21:09,"Twitter Web App",12,7,"x2892907665","SeFindlay","Sarah Findlay",371,869,2894,"Johannesburg, South Africa","Social ecologist. Fiery. Afro-optimist. Knowledge craver. Intent on social justice and media freedom.",FALSE,,,,,,,"NA NA","NA NA","NA NA NA NA NA NA NA NA","https://twitter.com/jamlabafrica/status/1584475969691480064","JamlabAfrica","South Africa","Strengthening innovation in African independent journalism and media. A project of Wits Centre for Journalism @Journ_SA. Subscribe to newsletter: https://t.co/rISSISqQti","https://t.co/QTHj3wAuP5",FALSE,3053,575,50,13710,2002,2017-05-17 10:49:30,FALSE,"https://t.co/QTHj3wAuP5","http://jamlab.africa",,"https://pbs.twimg.com/profile_banners/864795004291751937/1614186379","http://abs.twimg.com/images/themes/theme1/bg.png","http://pbs.twimg.com/profile_images/1356660071464398848/oRrSj-_y_normal.jpg"
"x1584475069333766144",2022-10-24 09:21:09,"SeFindlay","The unstoppable @khadijapatel shares that the future of news is dire. In the next few years, the publication of our news may be held by a handful of billionaires @jamlabafrica @CivicTechAfrica @Africa_DataHub #unplugged https://t.co/rL15spLBcO","Twitter Web App",219,,,,FALSE,"Tweet",12,7,,,"unplugged",,,,,"http://pbs.twimg.com/media/Ff0vozCWAAAW0X3.jpg","https://t.co/rL15spLBcO","https://twitter.com/SeFindlay/status/1584475069333766144/photo/1","photo","http://pbs.twimg.com/media/Ff0vozCWAAAW0X3.jpg","https://t.co/rL15spLBcO","https://twitter.com/SeFindlay/status/1584475069333766144/photo/1",,"x17904983 x864795004291751937 x864792522031345665 x1375010074838642690","khadijapatel jamlabafrica CivicTechAfrica Africa_DataHub","en",,,,,,,,,,,,,,,,,,,,,,,,,,,,,,,,,,,,,"NA NA","NA NA","NA NA NA NA NA NA NA NA","https://twitter.com/SeFindlay/status/1584475069333766144","Sarah Findlay","Johannesburg, South Africa","Social ecologist. Fiery. Afro-optimist. Knowledge craver. Intent on social justice and media freedom.","https://t.co/wW7YETnd1w",FALSE,371,869,26,2894,1692,2014-11-26 04:12:29,FALSE,"https://t.co/wW7YETnd1w","http://www.mediamonitoringafrica.org",,"https://pbs.twimg.com/profile_banners/2892907665/1513157086","http://abs.twimg.com/images/themes/theme1/bg.png","http://pbs.twimg.com/profile_images/537460341282586624/v9AOyW7q_normal.jpeg"
"x1584446589829255170",2022-10-24 07:27:59,"magarya","Data journalism, investigative reporting, geo journalism. What‚Äôs next?

Read this interview with Blaise Aboh (@AimLEGEND_) co-founder of @Orodata, a media innovator exploring the use of AI and other innovations in media to find out more:
https://t.co/JsTuq7hTf8
#journalism #data","Twitter for Android",140,,,,FALSE,"Retweet",0,11,,,,,,,,,,,,,,,,"x3212600548 x23876890","Orodata AimLEGEND_","en",,,,,,,,,,,,,,,,"x1584434550306131968","Data journalism, investigative reporting, geo journalism. What‚Äôs next?

Read this interview with Blaise Aboh (@AimLEGEND_) co-founder of @Orodata, a media innovator exploring the use of AI and other innovations in media to find out more:
https://t.co/JsTuq7hTf8
#journalism #data",2022-10-24 06:40:08,"Twitter Web App",12,11,"x3212600548","Orodata","O R O D A T A",2339,603,5545,"mail@orodataviz.com","Fostering equitable access to information. Improving data accessibility for citizens, captains of industry, civil society, and media.",FALSE,,,,,,,"NA NA","NA NA","NA NA NA NA NA NA NA NA","https://twitter.com/magarya/status/1584446589829255170","Magarya #MNCH üá≥üá¨","#next1000days #Race4Survival","PRO with NYSC, I tweet and Re Tweet. I love inspiration & Motivation quotes. Passionate Arsenal fan‚ô°‚ô° Fitness Fanatic‚ô• #Arsenal #1000days","https://t.co/D1cZSHvVwG",FALSE,3984,4916,466,515321,1056,2009-05-20 17:17:03,FALSE,"https://t.co/D1cZSHvVwG","http://magarya.wordpress.com",,"https://pbs.twimg.com/profile_banners/41401964/1596316162","http://abs.twimg.com/images/themes/theme7/bg.gif","http://pbs.twimg.com/profile_images/1289668124938326017/xsVRH6YC_normal.jpg"
"x1584445820950089728",2022-10-24 07:24:55,"TrackaNG","Data journalism, investigative reporting, geo journalism. What‚Äôs next?

Read this interview with Blaise Aboh (@AimLEGEND_) co-founder of @Orodata, a media innovator exploring the use of AI and other innovations in media to find out more:
https://t.co/JsTuq7hTf8
#journalism #data","Twitter for Android",140,,,,FALSE,"Retweet",0,11,,,,,,,,,,,,,,,,"x3212600548 x23876890","Orodata AimLEGEND_","en",,,,,,,,,,,,,,,,"x1584434550306131968","Data journalism, investigative reporting, geo journalism. What‚Äôs next?

Read this interview with Blaise Aboh (@AimLEGEND_) co-founder of @Orodata, a media innovator exploring the use of AI and other innovations in media to find out more:
https://t.co/JsTuq7hTf8
#journalism #data",2022-10-24 06:40:08,"Twitter Web App",12,11,"x3212600548","Orodata","O R O D A T A",2339,603,5545,"mail@orodataviz.com","Fostering equitable access to information. Improving data accessibility for citizens, captains of industry, civil society, and media.",FALSE,,,,,,,"NA NA","NA NA","NA NA NA NA NA NA NA NA","https://twitter.com/TrackaNG/status/1584445820950089728","TrackaNG","Nigeria","Tracka enables citizens to collaborate, track and give feedback on public projects in their community. Tracka is a project by @BudgITng #GetInvolved","https://t.co/X804xE06AB",FALSE,119650,862,207,29126,6988,2014-05-09 12:38:47,TRUE,"https://t.co/X804xE06AB","http://www.tracka.ng",,"https://pbs.twimg.com/profile_banners/2485319028/1449501295","http://abs.twimg.com/images/themes/theme1/bg.png","http://pbs.twimg.com/profile_images/836235326435786756/YpPyyyYA_normal.jpg"
"x1584442485224325120",2022-10-24 07:11:40,"jogbosky","Data journalism, investigative reporting, geo journalism. What‚Äôs next?

Read this interview with Blaise Aboh (@AimLEGEND_) co-founder of @Orodata, a media innovator exploring the use of AI and other innovations in media to find out more:
https://t.co/JsTuq7hTf8
#journalism #data","Twitter for iPhone",140,,,,FALSE,"Retweet",0,11,,,,,,,,,,,,,,,,"x3212600548 x23876890","Orodata AimLEGEND_","en",,,,,,,,,,,,,,,,"x1584434550306131968","Data journalism, investigative reporting, geo journalism. What‚Äôs next?

Read this interview with Blaise Aboh (@AimLEGEND_) co-founder of @Orodata, a media innovator exploring the use of AI and other innovations in media to find out more:
https://t.co/JsTuq7hTf8
#journalism #data",2022-10-24 06:40:08,"Twitter Web App",12,11,"x3212600548","Orodata","O R O D A T A",2339,603,5545,"mail@orodataviz.com","Fostering equitable access to information. Improving data accessibility for citizens, captains of industry, civil society, and media.",FALSE,,,,,,,"NA NA","NA NA","NA NA NA NA NA NA NA NA","https://twitter.com/jogbosky/status/1584442485224325120","joseph amenaghawon","Abuja,Nigeria","Promoting and advancing human dignity","https://t.co/LqioBSqtzB",FALSE,2415,986,140,55738,545,2010-04-21 08:43:47,FALSE,"https://t.co/LqioBSqtzB","http://dawntides.com",,"https://pbs.twimg.com/profile_banners/135433776/1451338021","http://abs.twimg.com/images/themes/theme1/bg.png","http://pbs.twimg.com/profile_images/1032148267407167488/XxUSIMnQ_normal.jpg"
"x1584434773493108736",2022-10-24 06:41:02,"proposition_dee","Data journalism, investigative reporting, geo journalism. What‚Äôs next?

Read this interview with Blaise Aboh (@AimLEGEND_) co-founder of @Orodata, a media innovator exploring the use of AI and other innovations in media to find out more:
https://t.co/JsTuq7hTf8
#journalism #data","Twitter for iPhone",140,,,,FALSE,"Retweet",0,11,,,,,,,,,,,,,,,,"x3212600548 x23876890","Orodata AimLEGEND_","en",,,,,,,,,,,,,,,,"x1584434550306131968","Data journalism, investigative reporting, geo journalism. What‚Äôs next?

Read this interview with Blaise Aboh (@AimLEGEND_) co-founder of @Orodata, a media innovator exploring the use of AI and other innovations in media to find out more:
https://t.co/JsTuq7hTf8
#journalism #data",2022-10-24 06:40:08,"Twitter Web App",12,11,"x3212600548","Orodata","O R O D A T A",2339,603,5545,"mail@orodataviz.com","Fostering equitable access to information. Improving data accessibility for citizens, captains of industry, civil society, and media.",FALSE,,,,,,,"NA NA","NA NA","NA NA NA NA NA NA NA NA","https://twitter.com/proposition_dee/status/1584434773493108736","Proposition D","","the unborn child of Ragnar Lothbrok || tech + entrepreneurship + design || founder @theCitytech","https://t.co/QWw7mQnb2q",FALSE,775,1800,63,23359,24441,2011-03-20 16:03:53,FALSE,"https://t.co/QWw7mQnb2q","http://www.thecitytech.com",,"https://pbs.twimg.com/profile_banners/269349862/1371616643","http://abs.twimg.com/images/themes/theme1/bg.png","http://pbs.twimg.com/profile_images/1050157924142776320/eGQ40ccc_normal.jpg"
